#,AA,AC,AD,AE,AF,AG,AH,AI,AK,AL,AM,AN,AP,AQ,AR,AS,AT,AV,AW,AY,CA,CC,CD,CE,CF,CG,CH,CI,CK,CL,CM,CN,CP,CQ,CR,CS,CT,CV,CW,CY,DA,DC,DD,DE,DF,DG,DH,DI,DK,DL,DM,DN,DP,DQ,DR,DS,DT,DV,DW,DY,EA,EC,ED,EE,EF,EG,EH,EI,EK,EL,EM,EN,EP,EQ,ER,ES,ET,EV,EW,EY,FA,FC,FD,FE,FF,FG,FH,FI,FK,FL,FM,FN,FP,FQ,FR,FS,FT,FV,FW,FY,GA,GC,GD,GE,GF,GG,GH,GI,GK,GL,GM,GN,GP,GQ,GR,GS,GT,GV,GW,GY,HA,HC,HD,HE,HF,HG,HH,HI,HK,HL,HM,HN,HP,HQ,HR,HS,HT,HV,HW,HY,IA,IC,ID,IE,IF,IG,IH,II,IK,IL,IM,IN,IP,IQ,IR,IS,IT,IV,IW,IY,KA,KC,KD,KE,KF,KG,KH,KI,KK,KL,KM,KN,KP,KQ,KR,KS,KT,KV,KW,KY,LA,LC,LD,LE,LF,LG,LH,LI,LK,LL,LM,LN,LP,LQ,LR,LS,LT,LV,LW,LY,MA,MC,MD,ME,MF,MG,MH,MI,MK,ML,MM,MN,MP,MQ,MR,MS,MT,MV,MW,MY,NA,NC,ND,NE,NF,NG,NH,NI,NK,NL,NM,NN,NP,NQ,NR,NS,NT,NV,NW,NY,PA,PC,PD,PE,PF,PG,PH,PI,PK,PL,PM,PN,PP,PQ,PR,PS,PT,PV,PW,PY,QA,QC,QD,QE,QF,QG,QH,QI,QK,QL,QM,QN,QP,QQ,QR,QS,QT,QV,QW,QY,RA,RC,RD,RE,RF,RG,RH,RI,RK,RL,RM,RN,RP,RQ,RR,RS,RT,RV,RW,RY,SA,SC,SD,SE,SF,SG,SH,SI,SK,SL,SM,SN,SP,SQ,SR,SS,ST,SV,SW,SY,TA,TC,TD,TE,TF,TG,TH,TI,TK,TL,TM,TN,TP,TQ,TR,TS,TT,TV,TW,TY,VA,VC,VD,VE,VF,VG,VH,VI,VK,VL,VM,VN,VP,VQ,VR,VS,VT,VV,VW,VY,WA,WC,WD,WE,WF,WG,WH,WI,WK,WL,WM,WN,WP,WQ,WR,WS,WT,WV,WW,WY,YA,YC,YD,YE,YF,YG,YH,YI,YK,YL,YM,YN,YP,YQ,YR,YS,YT,YV,YW,YY,target
sp|P26901|CATA_BACSU,0.006224066,0,0.006224066,0.006224066,0.002074689,0.010373444,0.006224066,0.004149378,0.004149378,0.002074689,0.002074689,0.004149378,0.002074689,0,0.002074689,0,0.004149378,0.004149378,0.002074689,0.004149378,0,0,0,0,0,0,0,0,0,0,0,0,0,0,0,0,0,0,0,0,0.006224066,0,0.002074689,0.002074689,0.004149378,0.002074689,0.004149378,0.002074689,0.004149378,0.004149378,0,0.004149378,0.008298755,0,0.004149378,0.004149378,0.002074689,0.010373444,0,0.006224066,0,0,0.008298755,0.004149378,0,0.008298755,0.002074689,0.002074689,0.004149378,0.002074689,0,0.008298755,0.002074689,0.004149378,0.006224066,0.004149378,0,0.008298755,0,0.002074689,0.006224066,0,0.006224066,0.002074689,0.002074689,0.004149378,0,0.006224066,0.004149378,0.002074689,0,0.004149378,0.002074689,0,0,0.004149378,0,0,0.002074689,0.004149378,0.008298755,0,0.006224066,0.006224066,0.004149378,0.006224066,0,0.006224066,0.004149378,0.004149378,0,0.004149378,0.004149378,0.002074689,0.004149378,0.008298755,0.002074689,0.004149378,0,0.002074689,0.002074689,0,0.002074689,0,0.006224066,0.004149378,0,0,0,0.004149378,0.002074689,0,0,0.004149378,0.002074689,0,0.006224066,0,0,0.004149378,0.004149378,0,0.002074689,0.006224066,0,0,0.002074689,0,0.008298755,0.002074689,0.002074689,0.002074689,0.002074689,0.002074689,0.004149378,0,0,0.004149378,0,0,0.004149378,0,0.004149378,0.004149378,0.004149378,0.002074689,0,0.002074689,0.002074689,0.008298755,0.002074689,0.004149378,0.002074689,0.002074689,0.006224066,0,0.004149378,0.004149378,0.002074689,0.004149378,0.002074689,0,0.004149378,0.004149378,0.006224066,0.004149378,0.002074689,0.004149378,0.002074689,0.002074689,0.004149378,0,0.004149378,0.002074689,0.004149378,0.004149378,0.002074689,0.004149378,0,0.004149378,0,0,0,0,0,0,0.002074689,0,0.002074689,0.002074689,0,0,0.002074689,0,0.002074689,0.006224066,0.002074689,0.002074689,0,0,0.006224066,0,0.002074689,0,0,0.004149378,0.002074689,0.002074689,0.004149378,0.002074689,0,0.004149378,0.006224066,0.002074689,0.004149378,0.004149378,0.006224066,0,0,0.006224066,0.004149378,0,0.006224066,0.010373444,0.002074689,0.004149378,0,0.004149378,0.004149378,0.006224066,0,0.002074689,0,0,0.002074689,0,0.004149378,0.008298755,0,0,0.008298755,0,0.002074689,0,0,0.006224066,0,0.004149378,0.004149378,0,0.002074689,0.002074689,0,0,0.002074689,0,0,0.002074689,0,0,0.002074689,0,0.008298755,0.002074689,0.006224066,0.006224066,0.002074689,0,0,0.006224066,0.002074689,0.004149378,0,0.002074689,0,0,0.004149378,0.008298755,0,0.002074689,0.002074689,0,0.002074689,0.004149378,0.002074689,0,0.002074689,0,0,0.004149378,0.002074689,0.002074689,0.008298755,0.002074689,0.002074689,0.002074689,0.002074689,0.004149378,0.002074689,0.002074689,0.006224066,0,0,0.006224066,0.004149378,0,0.002074689,0.002074689,0.006224066,0.006224066,0,0.004149378,0.004149378,0.004149378,0.002074689,0.002074689,0.002074689,0.004149378,0,0.002074689,0.004149378,0,0,0.006224066,0.002074689,0.010373444,0.004149378,0,0.004149378,0.002074689,0,0.006224066,0.004149378,0.004149378,0.002074689,0.004149378,0.008298755,0.002074689,0.006224066,0.002074689,0,0,0.002074689,0,0,0.002074689,0,0.002074689,0.002074689,0,0,0,0,0,0,0.004149378,0.002074689,0,0,0,0,0,0.006224066,0.002074689,0.004149378,0.002074689,0.006224066,0,0.002074689,0,0,0,0.006224066,0.002074689,0.006224066,0,0.006224066,0.002074689,0,0.002074689,1
sp|P21880|DLDH1_BACSU,0.012793177,0,0.002132196,0.010660981,0,0.010660981,0.004264392,0.012793177,0.008528785,0.008528785,0.004264392,0.004264392,0,0.008528785,0,0.010660981,0.004264392,0.002132196,0,0.004264392,0,0,0,0,0,0,0,0.002132196,0,0.002132196,0,0,0,0,0.002132196,0,0,0,0,0,0.002132196,0,0.002132196,0.006396588,0.004264392,0.006396588,0,0.006396588,0.002132196,0,0.004264392,0,0,0,0.002132196,0.002132196,0.002132196,0.002132196,0,0.004264392,0.008528785,0,0.004264392,0.006396588,0,0.010660981,0,0.010660981,0.006396588,0.012793177,0.002132196,0.006396588,0.004264392,0.002132196,0.004264392,0,0.004264392,0.004264392,0.002132196,0,0.002132196,0,0,0.004264392,0,0.002132196,0,0,0.004264392,0,0.002132196,0,0.004264392,0,0,0.002132196,0.002132196,0.002132196,0,0,0.008528785,0.002132196,0.006396588,0.008528785,0.004264392,0.014925373,0.002132196,0.008528785,0.002132196,0.008528785,0.002132196,0.004264392,0.004264392,0.002132196,0.004264392,0.004264392,0.006396588,0.008528785,0,0.006396588,0.002132196,0,0,0,0,0,0,0.002132196,0.002132196,0,0,0,0.002132196,0,0.002132196,0.002132196,0.002132196,0,0,0,0.010660981,0,0.002132196,0.010660981,0,0.012793177,0.006396588,0.004264392,0,0.004264392,0,0.002132196,0.006396588,0,0.002132196,0.002132196,0.008528785,0.006396588,0,0.002132196,0.008528785,0,0,0.006396588,0.002132196,0.010660981,0.002132196,0.002132196,0.006396588,0.006396588,0,0.002132196,0,0.004264392,0,0,0.004264392,0.006396588,0,0.002132196,0.008528785,0,0.002132196,0.004264392,0,0.012793177,0,0.006396588,0.006396588,0.002132196,0,0.006396588,0.004264392,0,0,0.004264392,0.002132196,0.010660981,0,0,0.002132196,0,0.002132196,0.002132196,0,0.002132196,0,0.002132196,0.002132196,0,0,0,0,0,0,0.002132196,0.006396588,0.002132196,0,0,0.008528785,0,0,0.002132196,0.004264392,0.002132196,0,0.002132196,0.004264392,0,0,0,0,0,0,0.006396588,0.002132196,0.008528785,0,0,0.004264392,0,0.002132196,0.002132196,0.002132196,0.004264392,0,0.006396588,0.002132196,0.002132196,0,0.006396588,0.002132196,0,0,0.002132196,0.002132196,0,0,0,0.002132196,0.002132196,0,0.002132196,0,0,0,0.002132196,0.002132196,0.002132196,0.002132196,0,0,0,0,0,0.002132196,0.002132196,0,0,0.004264392,0,0,0,0,0.002132196,0,0,0.002132196,0.002132196,0,0,0.006396588,0,0.004264392,0,0.002132196,0.004264392,0,0.002132196,0.004264392,0,0.004264392,0.006396588,0,0,0,0,0.002132196,0.006396588,0,0.002132196,0.002132196,0,0.002132196,0.002132196,0.002132196,0.006396588,0,0.002132196,0.006396588,0,0.010660981,0.006396588,0.004264392,0.006396588,0,0.002132196,0.002132196,0.006396588,0.002132196,0.004264392,0,0,0.004264392,0,0,0.010660981,0,0.002132196,0.008528785,0.002132196,0.008528785,0.006396588,0.002132196,0.010660981,0,0.008528785,0.008528785,0.004264392,0.002132196,0.002132196,0.002132196,0.002132196,0.002132196,0,0.010660981,0.012793177,0,0,0,0,0,0,0,0,0,0,0.002132196,0,0,0,0,0,0,0,0,0,0,0,0.004264392,0,0,0.004264392,0.002132196,0,0,0.002132196,0,0.002132196,0,0,0,0,0,0.002132196,0.004264392,0.004264392,0,0,1
sp|P21881|ODPA_BACSU,0.013513514,0,0.002702703,0.008108108,0.005405405,0.013513514,0,0.018918919,0.008108108,0.008108108,0.002702703,0,0.005405405,0.005405405,0.002702703,0.005405405,0.005405405,0.008108108,0,0.002702703,0,0,0,0,0,0,0,0,0,0,0,0,0,0,0,0,0,0,0,0,0.008108108,0,0.008108108,0,0.005405405,0.005405405,0,0,0,0.005405405,0,0,0.008108108,0.005405405,0,0.002702703,0,0.005405405,0,0,0.010810811,0,0.005405405,0.013513514,0,0.005405405,0,0.008108108,0.010810811,0.002702703,0,0.005405405,0.002702703,0.005405405,0.002702703,0.002702703,0.008108108,0.002702703,0.002702703,0,0.005405405,0,0.002702703,0.005405405,0,0,0,0,0,0.005405405,0,0,0,0.002702703,0.008108108,0.002702703,0.002702703,0.005405405,0,0.005405405,0.008108108,0,0.008108108,0.005405405,0.002702703,0.002702703,0.002702703,0.005405405,0.002702703,0.008108108,0.002702703,0.002702703,0.005405405,0.002702703,0.002702703,0,0,0.005405405,0,0.002702703,0,0,0,0,0.005405405,0.002702703,0,0,0,0,0,0.002702703,0,0,0,0,0.002702703,0,0,0,0.005405405,0,0,0.008108108,0.002702703,0.002702703,0,0.005405405,0.008108108,0.002702703,0.002702703,0.005405405,0,0.002702703,0,0.005405405,0.002702703,0.005405405,0.002702703,0.002702703,0.013513514,0,0.002702703,0.013513514,0,0.005405405,0,0.002702703,0.016216216,0,0.002702703,0,0,0.013513514,0.002702703,0,0.002702703,0.005405405,0,0.002702703,0.002702703,0,0.002702703,0.008108108,0.002702703,0.005405405,0,0.005405405,0.005405405,0,0.005405405,0.005405405,0.005405405,0,0,0.002702703,0.005405405,0.002702703,0.002702703,0.002702703,0.005405405,0,0.002702703,0,0,0,0,0,0.002702703,0,0,0,0.008108108,0,0.002702703,0,0,0.002702703,0,0.002702703,0.002702703,0,0,0.008108108,0.002702703,0.002702703,0,0,0.002702703,0.002702703,0,0.002702703,0,0.002702703,0.005405405,0,0,0,0,0,0.002702703,0,0.005405405,0,0,0.002702703,0.005405405,0,0.002702703,0.008108108,0,0,0,0.005405405,0,0,0.008108108,0.002702703,0,0,0.005405405,0,0,0.002702703,0.008108108,0.005405405,0,0.008108108,0.010810811,0.005405405,0.002702703,0.002702703,0,0,0.002702703,0.002702703,0.002702703,0.002702703,0,0.002702703,0.005405405,0,0.002702703,0.002702703,0.002702703,0.008108108,0,0,0,0.002702703,0.002702703,0,0,0.002702703,0.002702703,0.002702703,0.002702703,0.002702703,0,0.005405405,0.002702703,0,0,0.002702703,0,0,0,0.002702703,0.005405405,0.002702703,0,0,0.002702703,0.005405405,0.002702703,0,0.002702703,0,0,0,0.008108108,0,0.005405405,0,0.005405405,0.002702703,0.002702703,0.002702703,0.008108108,0.005405405,0.002702703,0,0.002702703,0.002702703,0.002702703,0,0,0,0,0.002702703,0.008108108,0,0.005405405,0.002702703,0.002702703,0.002702703,0,0.002702703,0,0.005405405,0,0.005405405,0.002702703,0.005405405,0.002702703,0,0.002702703,0.005405405,0,0.002702703,0,0,0,0.002702703,0,0,0.002702703,0,0,0,0,0,0,0,0,0.002702703,0,0,0,0,0.008108108,0,0,0.005405405,0,0.002702703,0,0.002702703,0.002702703,0,0,0,0,0.002702703,0.005405405,0,0.005405405,0,0,0,1
sp|P09124|G3P1_BACSU,0.026946108,0,0.002994012,0.017964072,0,0.002994012,0.002994012,0,0.017964072,0.008982036,0.002994012,0.008982036,0.005988024,0,0.002994012,0.002994012,0,0.008982036,0,0.002994012,0,0,0,0,0,0,0,0,0,0.002994012,0,0,0,0,0,0,0.002994012,0,0,0,0.01497006,0,0,0,0,0.002994012,0,0.002994012,0.005988024,0.01497006,0,0.002994012,0.002994012,0.002994012,0,0.002994012,0,0.002994012,0,0.005988024,0.005988024,0,0.005988024,0.008982036,0,0.005988024,0,0.002994012,0,0.005988024,0,0.002994012,0.002994012,0,0.002994012,0.005988024,0,0.017964072,0,0,0.002994012,0,0,0,0.002994012,0.005988024,0,0,0,0,0,0,0,0,0.002994012,0,0.002994012,0,0,0,0.008982036,0,0.005988024,0,0.005988024,0.002994012,0,0.008982036,0.011976048,0.002994012,0.002994012,0.005988024,0,0,0.005988024,0.002994012,0,0.005988024,0,0.005988024,0,0,0.002994012,0,0,0.002994012,0,0,0.002994012,0.005988024,0,0,0,0,0,0.002994012,0,0,0,0,0.002994012,0,0.002994012,0.002994012,0,0.002994012,0,0.005988024,0.002994012,0.005988024,0,0.002994012,0.002994012,0,0,0.008982036,0.002994012,0.005988024,0,0,0.002994012,0,0.002994012,0.002994012,0.002994012,0.008982036,0.002994012,0,0.005988024,0.008982036,0,0.002994012,0,0.002994012,0.005988024,0,0.002994012,0.011976048,0,0.002994012,0.008982036,0,0.005988024,0.002994012,0,0.002994012,0,0,0.008982036,0.002994012,0,0.011976048,0.005988024,0.002994012,0,0.005988024,0.002994012,0.01497006,0,0,0.002994012,0,0,0.002994012,0,0.002994012,0,0,0,0.002994012,0.002994012,0,0,0,0.002994012,0,0.002994012,0.005988024,0,0,0.005988024,0.002994012,0.008982036,0.008982036,0,0.011976048,0.002994012,0.002994012,0.002994012,0.002994012,0.002994012,0.005988024,0.002994012,0.002994012,0.002994012,0.002994012,0,0.005988024,0,0,0.005988024,0,0,0.005988024,0.002994012,0,0.002994012,0,0,0.002994012,0,0.002994012,0,0,0,0,0.005988024,0,0,0,0,0,0,0.002994012,0,0.002994012,0,0.002994012,0,0,0,0,0,0.002994012,0,0,0,0,0,0.002994012,0.011976048,0,0.002994012,0,0,0.002994012,0,0.002994012,0,0,0,0.002994012,0,0,0.002994012,0,0,0.005988024,0,0,0.005988024,0.002994012,0,0.002994012,0,0.005988024,0,0,0,0.005988024,0.002994012,0.005988024,0,0,0,0.002994012,0.011976048,0.005988024,0.005988024,0.002994012,0.002994012,0,0.002994012,0,0,0.005988024,0,0.008982036,0.002994012,0,0.002994012,0.005988024,0.002994012,0,0,0.002994012,0.005988024,0.002994012,0,0,0.005988024,0,0.008982036,0.008982036,0.002994012,0.002994012,0.005988024,0.008982036,0.005988024,0.005988024,0.005988024,0.011976048,0.002994012,0,0,0.01497006,0.002994012,0.011976048,0,0,0,0,0,0,0,0.002994012,0,0,0,0,0,0,0,0,0,0,0,0,0,0.002994012,0,0,0.008982036,0,0,0,0,0.002994012,0,0,0,0.002994012,0,0,0.002994012,0.005988024,0.002994012,0,0,0,1
sp|P21882|ODPB_BACSU,0.009259259,0,0.009259259,0.012345679,0,0.00308642,0,0.012345679,0.00308642,0.00617284,0.00308642,0.00308642,0.00617284,0.009259259,0.00617284,0.00308642,0.00308642,0,0,0,0,0,0,0,0,0,0,0,0,0,0,0,0,0,0,0,0,0,0,0,0.00617284,0,0,0.00617284,0,0.00308642,0,0.00308642,0,0.00617284,0,0.00308642,0.00308642,0,0.00617284,0.00617284,0.009259259,0.009259259,0,0,0.00617284,0,0.00617284,0.00617284,0.00617284,0.009259259,0.00308642,0.00617284,0.00617284,0.012345679,0,0.00308642,0,0,0,0.009259259,0.00308642,0.009259259,0,0.00308642,0,0,0.00308642,0,0.00308642,0.012345679,0,0,0,0.00308642,0,0,0.00308642,0,0.009259259,0.00308642,0,0.00308642,0,0,0.00308642,0,0,0.00617284,0.00617284,0.015432099,0,0.012345679,0.00308642,0.018518519,0,0,0,0.00308642,0.00617284,0,0.00308642,0.009259259,0,0,0.00308642,0,0,0.00308642,0,0,0,0,0.00308642,0,0.00308642,0,0,0,0,0,0.00308642,0,0,0,0.00617284,0,0.00308642,0.00308642,0,0.00308642,0,0.00617284,0.00308642,0.00308642,0,0.00308642,0.00308642,0.00617284,0.00617284,0.00617284,0.00617284,0.00308642,0,0,0.00617284,0,0.00617284,0.00308642,0,0.00308642,0,0,0,0.00308642,0,0.00308642,0,0.00308642,0.00308642,0,0.00308642,0.00617284,0,0,0.00617284,0,0.00308642,0.018518519,0,0.009259259,0.00308642,0.00308642,0.00617284,0.00308642,0,0.00308642,0.00308642,0.00308642,0.009259259,0.00617284,0,0.00617284,0,0.00308642,0.00617284,0,0.00308642,0.00308642,0,0,0,0.00308642,0.00308642,0,0,0,0,0,0.00308642,0,0.00308642,0.00308642,0,0,0,0,0.009259259,0,0,0.00617284,0.00308642,0,0,0,0,0,0,0,0,0,0,0.00617284,0,0,0,0,0.00308642,0.00617284,0.00617284,0.00308642,0,0,0,0.00617284,0,0.00308642,0,0,0,0.00308642,0,0.012345679,0,0.00308642,0.009259259,0,0,0.00617284,0.00308642,0,0,0,0.00617284,0,0.00617284,0,0.00308642,0.00308642,0,0,0,0,0,0,0.009259259,0,0.00308642,0.00308642,0,0,0,0,0.00308642,0,0.00308642,0,0.00308642,0.00308642,0,0.009259259,0.00617284,0.00617284,0.00308642,0.00308642,0.00617284,0,0,0,0.00308642,0.009259259,0,0.00308642,0,0.009259259,0,0,0.009259259,0.00308642,0,0,0.00308642,0.009259259,0,0,0.00308642,0,0.00617284,0.00617284,0,0.00308642,0,0.009259259,0,0,0.00308642,0,0.009259259,0,0,0.00308642,0,0.00617284,0,0.00308642,0.009259259,0,0.00308642,0.00308642,0.015432099,0.00308642,0.00617284,0.00308642,0.00308642,0.012345679,0.00617284,0.00308642,0.00308642,0.00308642,0,0.00617284,0.00308642,0.015432099,0.00308642,0.00308642,0,0,0,0,0,0,0,0,0,0.00308642,0,0,0,0,0,0,0.00308642,0,0,0,0,0,0.00308642,0.00308642,0,0.00308642,0,0,0,0,0,0,0,0,0.00617284,0,0.00308642,0,0,0,1
sp|P49814|MDH_BACSU,0.003215434,0,0.003215434,0.003215434,0.003215434,0.012861736,0,0.006430868,0.003215434,0.003215434,0.003215434,0,0.003215434,0.006430868,0.006430868,0.006430868,0.003215434,0.003215434,0,0.006430868,0,0,0,0,0,0,0,0,0,0,0,0,0,0,0,0,0,0,0,0,0.009646302,0,0.006430868,0,0,0,0,0.006430868,0,0.003215434,0.006430868,0,0,0.003215434,0,0.003215434,0.006430868,0.006430868,0,0.003215434,0.006430868,0,0.003215434,0.003215434,0,0.006430868,0,0.006430868,0.003215434,0.012861736,0.003215434,0.003215434,0,0.003215434,0.012861736,0.006430868,0.003215434,0,0,0.003215434,0,0,0.003215434,0,0,0,0,0,0,0.003215434,0,0,0.003215434,0,0.003215434,0,0.003215434,0.006430868,0,0,0.006430868,0,0.003215434,0.006430868,0.012861736,0.01607717,0.003215434,0.009646302,0.003215434,0.003215434,0.003215434,0.009646302,0,0.003215434,0,0.006430868,0.003215434,0.006430868,0,0.003215434,0,0,0,0,0,0.003215434,0,0,0,0,0,0,0,0,0,0,0,0,0,0,0.009646302,0,0.003215434,0.003215434,0,0.006430868,0,0.006430868,0,0.003215434,0.003215434,0,0.009646302,0,0,0,0.006430868,0.019292605,0,0.003215434,0.003215434,0,0.006430868,0.012861736,0,0.006430868,0,0.006430868,0.003215434,0,0,0.003215434,0.003215434,0,0,0.003215434,0,0.006430868,0,0.003215434,0.003215434,0,0.006430868,0.019292605,0,0.009646302,0,0.006430868,0.003215434,0.003215434,0,0.006430868,0.003215434,0,0,0.006430868,0.009646302,0.009646302,0,0,0,0,0,0,0,0.003215434,0,0,0.003215434,0.003215434,0,0,0,0,0.003215434,0.003215434,0.003215434,0.006430868,0,0,0,0,0,0.003215434,0,0.006430868,0,0,0.003215434,0.006430868,0,0,0.006430868,0,0,0,0.003215434,0.003215434,0,0.003215434,0.003215434,0,0.003215434,0,0,0.003215434,0,0,0.006430868,0.006430868,0,0,0,0.003215434,0,0,0.009646302,0.006430868,0,0,0,0,0,0.003215434,0,0.003215434,0,0.003215434,0.003215434,0.006430868,0,0,0,0,0.003215434,0.003215434,0,0,0,0,0.003215434,0,0.003215434,0,0.003215434,0,0,0.003215434,0.009646302,0,0,0,0,0,0.003215434,0.003215434,0.006430868,0.006430868,0,0.003215434,0.003215434,0,0.003215434,0,0,0.006430868,0,0.003215434,0,0.003215434,0,0.003215434,0.006430868,0,0.003215434,0,0.003215434,0.01607717,0,0.003215434,0.012861736,0,0.003215434,0.003215434,0.003215434,0.009646302,0,0.006430868,0.003215434,0.003215434,0,0.006430868,0,0.003215434,0.006430868,0.003215434,0.003215434,0,0,0.003215434,0.003215434,0,0.006430868,0.009646302,0,0.003215434,0,0.009646302,0.009646302,0.019292605,0.003215434,0.003215434,0.006430868,0.003215434,0.003215434,0.006430868,0.006430868,0.009646302,0,0.003215434,0,0,0,0,0,0,0,0,0,0,0,0,0,0,0,0,0,0,0,0,0.009646302,0,0,0.009646302,0,0.003215434,0,0,0.003215434,0.006430868,0,0,0,0,0,0.006430868,0,0,0,0.003215434,1
sp|P54375|SODM_BACSU,0.019900498,0,0.004975124,0.004975124,0.004975124,0.004975124,0,0,0.004975124,0.014925373,0,0.009950249,0,0,0.004975124,0,0,0.009950249,0.004975124,0.014925373,0,0,0,0,0,0,0,0,0,0,0,0,0,0,0,0,0,0,0,0,0.004975124,0,0,0.004975124,0,0,0,0,0.009950249,0.004975124,0,0,0,0,0,0.009950249,0,0.004975124,0,0.004975124,0.004975124,0,0,0.009950249,0,0.009950249,0.004975124,0.009950249,0,0.014925373,0,0.004975124,0.009950249,0.004975124,0,0,0.004975124,0.004975124,0,0,0.004975124,0,0.004975124,0,0,0.009950249,0,0,0.004975124,0,0,0,0,0,0,0,0,0,0.009950249,0,0.004975124,0,0,0.004975124,0,0.019900498,0.004975124,0,0.009950249,0.004975124,0,0.004975124,0,0,0.004975124,0.009950249,0,0,0.004975124,0,0.009950249,0,0,0,0,0,0.009950249,0.004975124,0.004975124,0,0,0.004975124,0,0,0,0,0.004975124,0,0,0,0,0,0.004975124,0,0,0,0.004975124,0,0,0.004975124,0,0.004975124,0,0,0.004975124,0.004975124,0.004975124,0,0,0,0.004975124,0,0,0.009950249,0.004975124,0,0.004975124,0,0,0.009950249,0,0,0,0,0,0.004975124,0.004975124,0,0,0,0.009950249,0,0.009950249,0.009950249,0.004975124,0.004975124,0,0,0,0.004975124,0,0.009950249,0.009950249,0,0,0.009950249,0,0.009950249,0,0.004975124,0.004975124,0,0,0,0,0,0,0,0,0,0,0,0,0,0,0,0.004975124,0,0,0,0,0,0,0,0,0.014925373,0.004975124,0.004975124,0.009950249,0.004975124,0,0.009950249,0,0.004975124,0.004975124,0.004975124,0.009950249,0.004975124,0.004975124,0.004975124,0,0,0.004975124,0.009950249,0,0,0.004975124,0.004975124,0,0.004975124,0,0.009950249,0,0,0,0,0.004975124,0,0,0.004975124,0,0,0.004975124,0,0.004975124,0,0,0,0,0,0,0.004975124,0,0,0,0,0,0,0,0,0,0,0,0,0.004975124,0,0,0,0,0.004975124,0,0.004975124,0.004975124,0,0.004975124,0,0.004975124,0,0,0,0.004975124,0,0,0.009950249,0.004975124,0.004975124,0,0,0,0,0,0,0.009950249,0,0,0,0.004975124,0.014925373,0,0,0.009950249,0,0,0,0,0.004975124,0,0.004975124,0.004975124,0.004975124,0.004975124,0.004975124,0.009950249,0,0,0.004975124,0,0,0,0.004975124,0.009950249,0,0,0.009950249,0.004975124,0,0,0,0,0,0,0.009950249,0.004975124,0,0.004975124,0,0.004975124,0.009950249,0.004975124,0,0.004975124,0,0.004975124,0.004975124,0,0,0,0,0,0.004975124,0,0.004975124,0,0,0,0,0.004975124,0,0,0,0.004975124,0,0.004975124,0.004975124,0,0,0,0.004975124,0,0.004975124,0,0,0,0.004975124,0,0.004975124,0,0.004975124,0,0.004975124,1
sp|P28598|CH60_BACSU,0.014732965,0,0.005524862,0.007366483,0.001841621,0.011049724,0.001841621,0.003683241,0.007366483,0.011049724,0.009208103,0.001841621,0.001841621,0.009208103,0.003683241,0.007366483,0.007366483,0.020257827,0,0,0,0,0,0,0,0,0,0,0,0,0,0,0,0,0,0,0,0,0,0,0.009208103,0,0,0.001841621,0,0.005524862,0,0.001841621,0.007366483,0.003683241,0.001841621,0.001841621,0.001841621,0,0.005524862,0.001841621,0,0.003683241,0,0,0.011049724,0,0.009208103,0.014732965,0.001841621,0.014732965,0,0.009208103,0.005524862,0.005524862,0,0.007366483,0.001841621,0.003683241,0.007366483,0.003683241,0.005524862,0.007366483,0.001841621,0,0,0,0.003683241,0.001841621,0,0.003683241,0,0,0,0.001841621,0,0.003683241,0,0,0,0.001841621,0.001841621,0,0,0,0.009208103,0,0.005524862,0.007366483,0.005524862,0.016574586,0,0.005524862,0.003683241,0.005524862,0.011049724,0.001841621,0.001841621,0,0.003683241,0.005524862,0.005524862,0.011049724,0,0.001841621,0,0,0,0,0,0,0,0,0,0,0,0.001841621,0,0,0,0,0,0,0,0,0.012891344,0,0,0.011049724,0,0.001841621,0,0,0.003683241,0.003683241,0,0.001841621,0,0.001841621,0.005524862,0.005524862,0.009208103,0.009208103,0,0,0.003683241,0,0,0.011049724,0.003683241,0.007366483,0,0.003683241,0.003683241,0.009208103,0.001841621,0.003683241,0.005524862,0,0,0.001841621,0.001841621,0.009208103,0,0,0.009208103,0,0.003683241,0.012891344,0,0.005524862,0,0.007366483,0.009208103,0.003683241,0,0.001841621,0.001841621,0.003683241,0.007366483,0,0.003683241,0.005524862,0,0,0.001841621,0,0,0.005524862,0.001841621,0.007366483,0,0.003683241,0,0.003683241,0.001841621,0,0.001841621,0.001841621,0,0,0,0.001841621,0,0,0.007366483,0,0.005524862,0.001841621,0,0.001841621,0,0.003683241,0.003683241,0.001841621,0.003683241,0,0.003683241,0,0,0.001841621,0.001841621,0.005524862,0,0,0,0,0.001841621,0.001841621,0,0.001841621,0,0.003683241,0.001841621,0.003683241,0,0,0,0,0,0,0.001841621,0.003683241,0,0.003683241,0.003683241,0,0,0.003683241,0.001841621,0.001841621,0,0.005524862,0,0.001841621,0,0.001841621,0,0.001841621,0,0,0.001841621,0.005524862,0,0,0.009208103,0,0,0.003683241,0,0.005524862,0,0.001841621,0.005524862,0.003683241,0,0.001841621,0,0.001841621,0.003683241,0.001841621,0,0.003683241,0,0,0.005524862,0,0.001841621,0.003683241,0,0.001841621,0,0.001841621,0.007366483,0.001841621,0,0,0.003683241,0,0,0,0.003683241,0.003683241,0,0,0.005524862,0,0.005524862,0.009208103,0.001841621,0.005524862,0,0.005524862,0.003683241,0.003683241,0,0.005524862,0,0.003683241,0.003683241,0.001841621,0.011049724,0.001841621,0,0,0.020257827,0,0.003683241,0.012891344,0,0.009208103,0,0.007366483,0.003683241,0.011049724,0,0.005524862,0,0.001841621,0.001841621,0.001841621,0.012891344,0.012891344,0,0.001841621,0,0,0,0,0,0,0,0,0,0,0,0,0,0,0,0,0,0.001841621,0,0,0.001841621,0,0,0,0,0,0,0.001841621,0,0,0.001841621,0.001841621,0,0,0,0,0,0,0,0,1
sp|P39634|ROCA_BACSU,0.015564202,0,0.011673152,0.007782101,0.009727626,0.013618677,0.003891051,0.011673152,0.007782101,0.007782101,0.001945525,0.005836576,0.003891051,0,0.007782101,0.005836576,0,0.007782101,0,0,0,0,0,0,0,0,0,0,0.001945525,0,0,0,0,0,0.001945525,0.001945525,0.001945525,0,0,0,0.005836576,0,0.001945525,0.003891051,0.009727626,0.001945525,0.001945525,0,0.001945525,0.003891051,0,0,0.001945525,0.001945525,0.001945525,0.005836576,0.005836576,0.003891051,0,0.001945525,0.015564202,0,0.003891051,0.005836576,0.003891051,0.005836576,0.003891051,0.009727626,0.005836576,0.001945525,0.001945525,0.001945525,0.001945525,0,0.003891051,0.001945525,0.001945525,0.005836576,0,0.001945525,0.001945525,0,0.003891051,0,0,0.007782101,0.001945525,0.001945525,0.001945525,0.003891051,0,0.005836576,0.001945525,0,0,0.001945525,0.005836576,0.005836576,0,0.001945525,0.007782101,0.003891051,0.005836576,0.007782101,0.001945525,0.007782101,0,0.001945525,0.009727626,0.003891051,0,0.005836576,0.005836576,0.003891051,0,0.003891051,0.003891051,0.003891051,0,0.007782101,0,0,0,0.005836576,0,0,0,0.001945525,0,0,0.003891051,0,0.001945525,0.001945525,0.001945525,0,0,0.001945525,0,0.003891051,0.003891051,0.001945525,0.001945525,0.005836576,0.003891051,0.005836576,0.003891051,0.003891051,0,0.007782101,0.001945525,0.003891051,0.001945525,0.001945525,0,0.003891051,0,0.007782101,0,0.001945525,0.009727626,0.001945525,0.003891051,0.007782101,0.001945525,0.001945525,0.003891051,0.003891051,0.001945525,0.003891051,0,0.003891051,0.003891051,0.001945525,0.001945525,0.003891051,0.007782101,0.003891051,0.001945525,0.001945525,0.009727626,0,0.001945525,0.003891051,0.001945525,0.003891051,0.001945525,0.001945525,0.007782101,0.005836576,0.001945525,0.001945525,0.001945525,0.001945525,0.001945525,0,0.007782101,0.007782101,0,0.001945525,0.001945525,0,0,0.001945525,0,0.003891051,0,0,0.001945525,0.003891051,0,0,0,0.005836576,0,0.001945525,0.001945525,0,0,0,0.001945525,0,0,0,0.001945525,0.003891051,0,0.001945525,0.005836576,0.001945525,0.001945525,0.001945525,0.003891051,0.001945525,0.003891051,0,0.005836576,0,0,0.001945525,0.003891051,0,0.003891051,0.003891051,0.005836576,0.003891051,0,0,0.001945525,0.003891051,0,0.001945525,0,0,0,0,0.001945525,0.007782101,0.001945525,0,0.005836576,0,0.001945525,0.003891051,0,0,0,0,0.003891051,0.001945525,0.001945525,0,0.005836576,0,0.001945525,0,0,0,0,0.001945525,0.013618677,0,0.001945525,0.001945525,0.001945525,0.001945525,0,0.001945525,0.003891051,0.001945525,0,0,0.001945525,0.001945525,0.003891051,0,0,0.001945525,0,0,0.003891051,0,0,0.003891051,0.001945525,0.003891051,0,0.003891051,0.003891051,0.001945525,0,0,0.001945525,0,0.005836576,0.003891051,0.001945525,0,0.001945525,0.003891051,0.007782101,0,0.005836576,0.003891051,0,0.007782101,0,0.003891051,0.003891051,0.001945525,0,0,0,0.001945525,0.001945525,0.001945525,0.001945525,0.005836576,0,0.003891051,0.007782101,0,0.003891051,0.005836576,0,0.009727626,0,0.009727626,0.003891051,0.003891051,0.003891051,0.003891051,0,0.001945525,0,0.001945525,0.003891051,0.005836576,0,0.003891051,0,0,0,0,0,0,0,0,0.003891051,0.001945525,0,0,0,0,0,0,0,0,0,0,0.005836576,0,0.001945525,0.003891051,0.003891051,0.001945525,0.001945525,0.003891051,0,0.003891051,0.001945525,0.001945525,0.001945525,0.001945525,0,0.003891051,0,0,0,0,1
sp|P9WN39|GLN1B_MYCTU,0.008385744,0.002096436,0.008385744,0.008385744,0.008385744,0.004192872,0,0.002096436,0.006289308,0.002096436,0.002096436,0.002096436,0.01048218,0,0.006289308,0.004192872,0.002096436,0,0.002096436,0.002096436,0,0,0.002096436,0,0,0,0.002096436,0,0,0,0,0,0,0,0,0,0,0.002096436,0,0,0.002096436,0,0.006289308,0.004192872,0,0.01048218,0.002096436,0,0.006289308,0.008385744,0.004192872,0.002096436,0.008385744,0.002096436,0.002096436,0.006289308,0.004192872,0.008385744,0,0,0.01048218,0,0,0.002096436,0.006289308,0.002096436,0,0.004192872,0.006289308,0.002096436,0,0.004192872,0.006289308,0,0,0.002096436,0.006289308,0.004192872,0,0.004192872,0.002096436,0.002096436,0.01048218,0,0.002096436,0.004192872,0,0.002096436,0.004192872,0,0.002096436,0.002096436,0.002096436,0.002096436,0.004192872,0.002096436,0.008385744,0.002096436,0,0.004192872,0.006289308,0,0.002096436,0,0.004192872,0.008385744,0.002096436,0.006289308,0.002096436,0.008385744,0.002096436,0.002096436,0,0.002096436,0,0.012578616,0,0.002096436,0.002096436,0.008385744,0.004192872,0.002096436,0.002096436,0.006289308,0.002096436,0,0.004192872,0,0.002096436,0,0,0,0.002096436,0.002096436,0,0,0,0,0,0.002096436,0.004192872,0,0.004192872,0.006289308,0.002096436,0.002096436,0.002096436,0.002096436,0.004192872,0.002096436,0.002096436,0.008385744,0.006289308,0,0.004192872,0.006289308,0.002096436,0,0,0,0.004192872,0,0.006289308,0,0,0.004192872,0,0.002096436,0,0.002096436,0.002096436,0.004192872,0.002096436,0,0.006289308,0.002096436,0.006289308,0.004192872,0,0.002096436,0.008385744,0,0.002096436,0.008385744,0.002096436,0,0.004192872,0.006289308,0,0.01048218,0.004192872,0.002096436,0.006289308,0,0.002096436,0.004192872,0.004192872,0.004192872,0.002096436,0.006289308,0.002096436,0,0,0,0,0,0.002096436,0,0,0.006289308,0,0,0.002096436,0.004192872,0,0,0.002096436,0,0,0.002096436,0,0,0.004192872,0.002096436,0.002096436,0.006289308,0,0.006289308,0.002096436,0.004192872,0,0,0.006289308,0,0.004192872,0.006289308,0.004192872,0,0,0.004192872,0.002096436,0,0.006289308,0.004192872,0.004192872,0.004192872,0.002096436,0.004192872,0.004192872,0.004192872,0,0.004192872,0.002096436,0.004192872,0.002096436,0.002096436,0.004192872,0.006289308,0,0.006289308,0.004192872,0,0,0,0.002096436,0,0.002096436,0,0,0.004192872,0,0.002096436,0,0,0.002096436,0.004192872,0.002096436,0,0,0.002096436,0.004192872,0,0.004192872,0.002096436,0.002096436,0.004192872,0.004192872,0.004192872,0.002096436,0.006289308,0,0.004192872,0.002096436,0,0,0.004192872,0,0,0,0,0.006289308,0,0.006289308,0,0.006289308,0.01048218,0,0.006289308,0,0.006289308,0,0.002096436,0.004192872,0.002096436,0.004192872,0.004192872,0.002096436,0.004192872,0,0.002096436,0.008385744,0,0,0.006289308,0.002096436,0.008385744,0,0.002096436,0,0.004192872,0,0.006289308,0.004192872,0.002096436,0,0,0,0.004192872,0.002096436,0,0.002096436,0,0.008385744,0.002096436,0.006289308,0.002096436,0.002096436,0.002096436,0,0,0,0.004192872,0.002096436,0,0.006289308,0.002096436,0.002096436,0,0,0.002096436,0,0,0,0,0,0,0,0.002096436,0.002096436,0,0,0.002096436,0,0.002096436,0,0,0,0,0.002096436,0,0.002096436,0,0.004192872,0.008385744,0.004192872,0,0,0.006289308,0.006289308,0.006289308,0,0,0,0.002096436,0,0.004192872,0,0.004192872,0,0.002096436,1
sp|P9WGE7|SODF_MYCTU,0.033980583,0,0.009708738,0.004854369,0.019417476,0.004854369,0,0.009708738,0.014563107,0.009708738,0,0.004854369,0,0.004854369,0.004854369,0,0.014563107,0.004854369,0,0,0,0,0,0,0,0,0,0,0,0,0,0,0,0,0,0,0,0,0,0,0.009708738,0,0,0,0.004854369,0,0.009708738,0,0.009708738,0.004854369,0.004854369,0,0,0,0,0,0.004854369,0.004854369,0.004854369,0.004854369,0.004854369,0,0.004854369,0.004854369,0,0,0.004854369,0,0.004854369,0.009708738,0,0,0.004854369,0,0,0,0,0,0,0.004854369,0.004854369,0,0.004854369,0,0,0.009708738,0.004854369,0,0,0,0,0.004854369,0.004854369,0.004854369,0.004854369,0,0,0,0.004854369,0.004854369,0.009708738,0,0.004854369,0.004854369,0,0.004854369,0.004854369,0.004854369,0,0.004854369,0,0.004854369,0,0.004854369,0,0.009708738,0,0,0.009708738,0,0.014563107,0,0,0,0,0,0.009708738,0.004854369,0,0,0,0,0,0.004854369,0,0.009708738,0.004854369,0.004854369,0,0,0.004854369,0,0,0,0.009708738,0,0,0,0,0.004854369,0,0.004854369,0,0,0,0.004854369,0,0.004854369,0.004854369,0,0.004854369,0,0,0.004854369,0.004854369,0.009708738,0.004854369,0,0,0.009708738,0,0.014563107,0.004854369,0,0,0,0,0.004854369,0,0,0.014563107,0,0.009708738,0.009708738,0,0.014563107,0.004854369,0.009708738,0,0.024271845,0,0.004854369,0.004854369,0.004854369,0,0.004854369,0,0,0,0,0.004854369,0,0,0,0,0,0,0,0,0,0,0,0,0,0,0,0,0,0.004854369,0,0,0,0.004854369,0.009708738,0.004854369,0.004854369,0.004854369,0,0.004854369,0.014563107,0,0,0,0,0,0,0,0.009708738,0.004854369,0,0,0,0.004854369,0,0,0,0.004854369,0,0,0.009708738,0,0.004854369,0,0,0,0,0.004854369,0,0,0,0,0,0,0,0.004854369,0.004854369,0,0.004854369,0,0,0,0,0,0,0,0.004854369,0.009708738,0.004854369,0,0.004854369,0.009708738,0,0,0,0,0,0,0,0,0,0,0,0,0,0,0,0,0,0,0.004854369,0.004854369,0,0,0,0.004854369,0.009708738,0,0,0.004854369,0,0,0,0.004854369,0.004854369,0.004854369,0,0,0,0,0,0,0,0,0,0,0.004854369,0,0.004854369,0.004854369,0.009708738,0,0.004854369,0,0,0,0.004854369,0.004854369,0.004854369,0,0.004854369,0.004854369,0,0.004854369,0,0,0,0,0,0.009708738,0,0,0.009708738,0.004854369,0.009708738,0,0,0,0.004854369,0,0.004854369,0.009708738,0,0.009708738,0.004854369,0,0,0,0,0.004854369,0,0,0.004854369,0,0,0,0,0,0,0.004854369,0,0.004854369,0,0.004854369,0,0,0.004854369,0,0,0.004854369,0.004854369,0,0,0,0,0,0,0.004854369,0.004854369,0,0,1
sp|Q88VM0|DNAK_LACPL,0.012882448,0,0.011272142,0.003220612,0.001610306,0.00805153,0,0.001610306,0.012882448,0.00805153,0.001610306,0.001610306,0.001610306,0.009661836,0.001610306,0.006441224,0.001610306,0.012882448,0,0.003220612,0,0,0,0,0,0,0,0,0,0,0,0,0,0,0,0,0,0,0,0,0.009661836,0,0.00805153,0.00805153,0.003220612,0.006441224,0,0.004830918,0.014492754,0.019323671,0.001610306,0.00805153,0,0.004830918,0.001610306,0.001610306,0.003220612,0.00805153,0.001610306,0.003220612,0.011272142,0,0.004830918,0.003220612,0,0.006441224,0,0.001610306,0.00805153,0.003220612,0.001610306,0.003220612,0.003220612,0.001610306,0.003220612,0.001610306,0.004830918,0.009661836,0,0,0.001610306,0,0.004830918,0.003220612,0,0,0,0.001610306,0.003220612,0,0,0.003220612,0,0.001610306,0,0.001610306,0.003220612,0,0,0,0.006441224,0,0.009661836,0.006441224,0.003220612,0.012882448,0,0.004830918,0.006441224,0.004830918,0,0.003220612,0.001610306,0,0.003220612,0.003220612,0.004830918,0.009661836,0,0.001610306,0,0,0,0,0,0,0,0,0,0.003220612,0.001610306,0,0,0,0,0.001610306,0,0.001610306,0,0,0.001610306,0,0.009661836,0.006441224,0.001610306,0.001610306,0.001610306,0.006441224,0.004830918,0.006441224,0,0.003220612,0.006441224,0,0,0.004830918,0.006441224,0.003220612,0,0,0.009661836,0,0.024154589,0.00805153,0.003220612,0.003220612,0,0.011272142,0.009661836,0.003220612,0.001610306,0.003220612,0,0,0.004830918,0.003220612,0.006441224,0.003220612,0.001610306,0,0.001610306,0,0.006441224,0.006441224,0,0.012882448,0.001610306,0.003220612,0.00805153,0.001610306,0,0.004830918,0.001610306,0.004830918,0,0.011272142,0.004830918,0.004830918,0,0.001610306,0.004830918,0,0,0,0,0.004830918,0,0.001610306,0.001610306,0,0,0,0,0,0,0,0,0.001610306,0,0,0.004830918,0,0.001610306,0.00805153,0,0.006441224,0.001610306,0.003220612,0.006441224,0,0,0.001610306,0.003220612,0.001610306,0,0.003220612,0.004830918,0.001610306,0,0,0.006441224,0,0.001610306,0.001610306,0.001610306,0,0,0,0.001610306,0.003220612,0.001610306,0.001610306,0,0.003220612,0.001610306,0.001610306,0.003220612,0.001610306,0,0,0.004830918,0,0.003220612,0.003220612,0,0.006441224,0,0.004830918,0.003220612,0.003220612,0.001610306,0,0.001610306,0.003220612,0.003220612,0,0,0.003220612,0,0.001610306,0.001610306,0,0.001610306,0,0.001610306,0.001610306,0.001610306,0.004830918,0.001610306,0.001610306,0,0.001610306,0.001610306,0.003220612,0,0,0.001610306,0,0,0,0.009661836,0,0.004830918,0.003220612,0,0.004830918,0,0.006441224,0.003220612,0.003220612,0,0.004830918,0,0.001610306,0,0.003220612,0.004830918,0.003220612,0,0,0.004830918,0,0.004830918,0,0.001610306,0.003220612,0.001610306,0.003220612,0.003220612,0.004830918,0.001610306,0.006441224,0.004830918,0.001610306,0.004830918,0.001610306,0.00805153,0.00805153,0,0,0.00805153,0,0.009661836,0.006441224,0.004830918,0.001610306,0,0.003220612,0.00805153,0.006441224,0,0.001610306,0.004830918,0.004830918,0,0.00805153,0.003220612,0.006441224,0,0.001610306,0,0,0,0,0,0,0,0,0,0.001610306,0,0,0,0,0,0,0.001610306,0,0,0,0,0,0.001610306,0,0.001610306,0.001610306,0,0.001610306,0.001610306,0.001610306,0,0,0,0.001610306,0,0,0.001610306,0,0,0,1
sp|P99075|ALF2_STAAN,0.003508772,0,0.007017544,0.003508772,0,0.003508772,0.003508772,0.01754386,0.014035088,0.007017544,0,0,0.007017544,0,0.007017544,0.010526316,0.003508772,0.007017544,0,0,0,0,0,0,0,0,0,0,0.003508772,0,0,0,0,0.003508772,0,0,0,0,0,0,0.014035088,0,0.003508772,0,0,0.003508772,0.003508772,0.003508772,0.003508772,0.003508772,0,0,0.007017544,0,0,0,0,0.007017544,0,0,0.014035088,0.003508772,0.003508772,0.010526316,0.007017544,0.007017544,0,0.003508772,0.010526316,0.007017544,0.007017544,0.014035088,0.003508772,0,0,0,0.003508772,0.003508772,0,0.003508772,0,0,0,0.007017544,0,0.007017544,0,0,0.003508772,0,0,0,0,0,0,0,0.007017544,0,0,0.003508772,0.003508772,0,0,0.003508772,0.010526316,0.007017544,0,0.010526316,0.003508772,0.010526316,0,0,0.007017544,0.007017544,0,0.007017544,0.014035088,0.007017544,0,0.003508772,0,0,0.003508772,0.003508772,0,0.010526316,0,0,0,0.003508772,0,0,0,0,0,0.003508772,0,0,0,0,0.003508772,0,0.014035088,0,0,0.003508772,0.003508772,0.003508772,0.007017544,0.007017544,0,0.007017544,0.010526316,0.003508772,0,0,0.003508772,0.003508772,0,0.003508772,0.007017544,0.003508772,0.003508772,0.028070175,0,0.010526316,0,0.007017544,0.003508772,0.003508772,0.003508772,0,0,0,0,0,0.003508772,0.003508772,0,0.003508772,0.003508772,0,0.003508772,0.007017544,0,0.01754386,0.003508772,0.003508772,0,0,0.003508772,0.007017544,0.003508772,0,0,0.003508772,0,0.010526316,0,0,0,0,0,0.003508772,0,0,0.003508772,0.003508772,0.003508772,0.003508772,0,0,0.003508772,0,0,0.003508772,0,0.003508772,0,0,0.003508772,0,0.003508772,0,0,0.003508772,0,0.007017544,0,0.003508772,0,0.007017544,0,0.003508772,0.003508772,0,0.003508772,0.007017544,0,0,0.007017544,0,0,0,0.007017544,0,0,0,0.007017544,0.007017544,0,0,0,0,0.003508772,0,0.003508772,0.007017544,0,0.003508772,0.003508772,0,0,0.010526316,0,0,0,0.003508772,0.003508772,0,0,0,0,0,0,0,0,0,0,0.003508772,0.003508772,0,0.003508772,0.003508772,0,0,0,0,0.003508772,0,0,0,0,0,0,0,0,0,0,0.003508772,0.003508772,0,0,0.003508772,0.003508772,0.003508772,0.003508772,0,0,0,0.003508772,0.003508772,0.003508772,0.003508772,0,0.003508772,0.003508772,0.010526316,0,0,0.003508772,0,0,0.003508772,0,0.010526316,0,0.007017544,0.007017544,0,0,0,0,0.003508772,0,0.007017544,0.003508772,0.007017544,0,0,0.010526316,0,0,0.014035088,0,0.007017544,0.003508772,0.003508772,0.007017544,0.007017544,0.003508772,0.003508772,0,0,0.003508772,0.010526316,0,0.007017544,0,0.003508772,0,0,0,0,0,0,0,0,0,0,0,0,0,0,0,0,0,0,0,0,0.010526316,0,0.003508772,0,0,0,0,0,0.003508772,0.003508772,0.003508772,0.003508772,0,0,0,0,0.003508772,0,0,0,1
sp|P0DJM2|DNAK_LISMO,0.016339869,0,0.004901961,0.016339869,0,0.009803922,0,0.006535948,0.009803922,0.006535948,0.001633987,0.003267974,0.004901961,0.001633987,0.003267974,0.001633987,0.001633987,0.008169935,0,0.003267974,0,0,0,0,0,0,0,0,0,0,0,0,0,0,0,0,0,0,0,0,0.011437908,0,0.006535948,0.006535948,0.003267974,0.001633987,0,0.006535948,0.013071895,0.009803922,0,0.006535948,0,0.004901961,0,0,0,0.008169935,0,0.004901961,0.009803922,0,0.004901961,0.009803922,0.003267974,0.008169935,0,0.004901961,0.004901961,0.011437908,0,0.003267974,0.003267974,0.004901961,0.008169935,0.001633987,0.008169935,0.013071895,0,0,0,0,0.009803922,0.003267974,0,0,0,0.001633987,0.003267974,0,0,0.001633987,0,0.001633987,0,0.001633987,0.001633987,0,0,0,0.004901961,0,0.006535948,0.011437908,0.001633987,0.013071895,0,0.008169935,0.008169935,0.003267974,0.001633987,0,0.001633987,0.001633987,0.001633987,0.001633987,0.006535948,0.008169935,0,0,0,0,0.001633987,0,0,0,0,0,0.001633987,0.001633987,0.001633987,0,0,0,0,0.001633987,0,0.001633987,0,0,0.003267974,0,0.008169935,0.008169935,0,0.001633987,0.001633987,0.008169935,0.006535948,0.006535948,0,0.001633987,0.008169935,0.001633987,0,0.004901961,0.006535948,0.004901961,0,0,0.004901961,0,0.014705882,0.013071895,0.001633987,0.003267974,0,0.006535948,0.009803922,0.001633987,0.003267974,0.004901961,0,0,0.003267974,0.004901961,0.006535948,0.001633987,0,0,0.003267974,0,0.001633987,0.008169935,0,0.014705882,0.001633987,0.001633987,0.008169935,0.001633987,0,0.001633987,0.001633987,0.006535948,0.001633987,0.008169935,0.004901961,0.008169935,0,0.001633987,0.003267974,0,0.001633987,0,0,0.004901961,0,0,0,0,0,0,0,0,0,0.001633987,0.001633987,0.001633987,0,0,0.004901961,0,0.004901961,0.004901961,0,0.004901961,0,0.001633987,0.004901961,0.003267974,0,0.001633987,0.004901961,0.001633987,0,0.001633987,0.003267974,0,0,0.001633987,0.006535948,0,0.001633987,0.001633987,0.001633987,0,0.001633987,0,0,0.003267974,0.001633987,0.003267974,0.001633987,0.004901961,0.001633987,0.001633987,0.004901961,0,0,0,0.006535948,0,0.003267974,0.006535948,0,0.003267974,0,0.003267974,0,0.003267974,0,0.004901961,0.001633987,0.001633987,0.003267974,0,0.003267974,0.003267974,0,0.001633987,0.004901961,0,0.001633987,0,0.001633987,0.001633987,0.001633987,0.003267974,0,0.001633987,0,0.003267974,0.001633987,0.004901961,0,0,0.003267974,0,0,0,0.004901961,0,0.001633987,0,0.001633987,0.003267974,0,0.003267974,0.003267974,0.004901961,0,0,0.001633987,0.003267974,0,0.004901961,0.006535948,0.003267974,0,0.001633987,0.006535948,0,0.003267974,0.003267974,0.003267974,0.003267974,0.001633987,0.009803922,0.001633987,0.006535948,0.001633987,0.004901961,0.003267974,0.001633987,0.004901961,0.003267974,0.006535948,0.006535948,0,0,0.006535948,0,0.006535948,0.004901961,0.004901961,0.004901961,0.001633987,0.006535948,0.004901961,0.004901961,0.001633987,0.003267974,0.001633987,0.004901961,0.001633987,0.003267974,0.006535948,0.006535948,0,0,0,0,0,0,0,0,0,0,0,0,0,0,0,0,0,0,0,0,0,0,0.001633987,0,0,0.001633987,0.001633987,0.001633987,0,0,0.001633987,0.004901961,0,0,0,0,0,0.001633987,0,0,0,0,1
sp|P37869|ENO_BACSU,0.006993007,0.002331002,0.006993007,0.004662005,0.002331002,0.006993007,0,0.009324009,0.006993007,0.006993007,0.002331002,0.002331002,0.009324009,0.004662005,0.004662005,0.004662005,0.002331002,0.011655012,0,0,0.002331002,0,0,0,0,0,0,0,0,0,0,0,0,0,0,0,0,0,0,0,0.004662005,0,0.002331002,0.004662005,0.002331002,0.009324009,0,0.004662005,0.002331002,0.002331002,0,0.002331002,0,0.004662005,0.004662005,0.004662005,0,0.004662005,0.004662005,0,0.009324009,0,0.009324009,0.006993007,0.004662005,0.009324009,0.002331002,0.002331002,0.002331002,0.009324009,0.004662005,0.004662005,0,0.002331002,0.002331002,0,0.009324009,0.009324009,0,0.002331002,0.002331002,0,0.004662005,0,0,0.002331002,0.002331002,0,0.002331002,0.002331002,0.002331002,0.002331002,0,0,0.002331002,0,0,0.002331002,0,0.004662005,0.013986014,0,0.006993007,0.011655012,0.009324009,0.006993007,0.002331002,0.004662005,0.009324009,0.004662005,0,0.004662005,0,0.002331002,0.002331002,0.002331002,0.004662005,0.009324009,0,0.002331002,0.002331002,0,0,0,0,0.002331002,0,0,0.002331002,0.002331002,0,0,0,0,0.002331002,0.002331002,0,0,0,0,0.006993007,0,0.002331002,0.011655012,0.002331002,0.002331002,0,0.004662005,0.006993007,0.004662005,0.002331002,0.002331002,0.002331002,0.002331002,0,0.004662005,0,0.006993007,0,0,0.002331002,0,0.002331002,0.002331002,0,0.006993007,0,0,0.004662005,0.009324009,0,0.002331002,0.002331002,0,0.002331002,0.002331002,0.006993007,0.004662005,0,0.006993007,0.004662005,0,0.006993007,0,0.002331002,0.016317016,0,0.004662005,0.002331002,0.009324009,0,0.004662005,0.002331002,0.004662005,0.006993007,0.006993007,0.006993007,0.006993007,0,0.002331002,0.004662005,0,0.002331002,0,0,0.002331002,0,0.002331002,0,0,0.002331002,0.002331002,0.004662005,0,0,0,0,0.002331002,0,0,0.006993007,0,0.002331002,0.004662005,0.002331002,0.004662005,0,0.002331002,0.006993007,0.004662005,0,0.004662005,0.002331002,0.004662005,0,0.006993007,0.004662005,0.004662005,0,0,0,0,0,0.002331002,0,0.002331002,0,0.002331002,0,0.002331002,0.002331002,0.004662005,0,0,0,0.004662005,0.002331002,0.004662005,0,0.002331002,0,0,0,0.002331002,0,0,0,0.009324009,0,0.009324009,0,0.002331002,0,0,0,0,0.002331002,0,0,0.004662005,0.006993007,0,0.002331002,0.004662005,0,0.002331002,0,0.002331002,0,0.002331002,0.002331002,0,0,0,0,0.002331002,0.002331002,0.002331002,0,0.002331002,0.004662005,0,0,0.004662005,0.002331002,0.006993007,0.002331002,0.004662005,0.004662005,0.002331002,0.002331002,0.002331002,0,0,0.004662005,0.002331002,0.004662005,0.002331002,0,0,0.009324009,0,0.002331002,0.013986014,0.002331002,0.006993007,0,0.004662005,0.002331002,0.004662005,0,0.004662005,0,0,0,0.002331002,0,0.002331002,0,0,0.004662005,0,0.006993007,0.009324009,0,0.009324009,0,0.002331002,0.004662005,0.006993007,0,0.009324009,0.004662005,0.002331002,0,0.004662005,0.004662005,0.002331002,0,0.004662005,0,0,0,0.002331002,0,0,0,0,0,0,0,0,0,0,0,0,0,0,0,0.002331002,0.002331002,0,0,0.004662005,0,0,0.004662005,0.002331002,0,0.004662005,0,0.006993007,0.002331002,0.002331002,0,0,0.004662005,0,0,0,1
sp|Q8Y422|EFTU_LISMO,0.007614213,0,0.010152284,0.005076142,0,0.005076142,0.005076142,0.007614213,0.010152284,0.007614213,0,0,0.005076142,0.005076142,0.002538071,0,0.002538071,0.005076142,0,0.002538071,0,0,0.002538071,0,0,0,0,0,0,0,0,0,0.002538071,0,0,0,0,0,0,0,0.002538071,0.002538071,0.005076142,0.007614213,0,0.010152284,0.002538071,0.005076142,0.002538071,0.002538071,0.002538071,0.005076142,0,0.002538071,0.002538071,0.005076142,0.002538071,0.005076142,0.002538071,0.005076142,0.010152284,0,0.007614213,0.012690355,0.002538071,0.007614213,0.002538071,0.002538071,0.002538071,0.012690355,0.007614213,0,0,0,0.010152284,0.002538071,0.002538071,0.005076142,0,0.005076142,0,0,0.002538071,0,0.002538071,0,0,0,0.002538071,0,0.005076142,0.002538071,0.002538071,0,0.005076142,0.005076142,0,0,0,0.002538071,0.012690355,0,0.010152284,0.002538071,0,0.005076142,0.005076142,0.007614213,0.002538071,0,0,0,0.002538071,0.005076142,0.010152284,0.005076142,0.010152284,0.010152284,0,0.002538071,0.002538071,0,0,0,0,0.002538071,0,0.002538071,0,0,0,0,0,0,0,0,0.005076142,0.010152284,0,0.002538071,0.005076142,0,0.005076142,0.007614213,0,0.010152284,0,0,0.002538071,0.005076142,0,0,0.005076142,0.002538071,0.005076142,0.005076142,0.012690355,0.005076142,0,0,0.005076142,0.002538071,0,0.005076142,0.005076142,0.005076142,0,0.002538071,0.005076142,0.002538071,0,0.002538071,0.007614213,0,0,0,0.002538071,0.005076142,0,0,0.007614213,0,0.002538071,0.002538071,0,0,0,0.002538071,0.002538071,0.012690355,0.002538071,0,0.002538071,0.002538071,0.002538071,0.002538071,0.007614213,0.005076142,0,0,0.002538071,0,0.002538071,0.005076142,0.002538071,0,0,0.002538071,0,0,0.002538071,0.002538071,0.007614213,0,0,0,0,0.005076142,0,0,0,0,0,0,0.002538071,0,0,0.010152284,0.002538071,0,0.002538071,0.002538071,0,0,0,0,0,0,0,0.002538071,0,0,0,0.007614213,0.005076142,0.010152284,0.005076142,0.002538071,0,0,0.002538071,0,0,0.005076142,0,0,0.002538071,0.005076142,0,0.002538071,0.002538071,0,0,0,0.002538071,0.002538071,0,0.002538071,0,0,0.002538071,0,0,0,0.002538071,0,0.005076142,0.007614213,0,0,0,0,0.005076142,0.010152284,0,0.012690355,0.005076142,0,0.002538071,0,0,0,0.002538071,0.002538071,0,0.002538071,0.005076142,0.002538071,0,0,0.005076142,0,0,0,0,0,0,0.007614213,0.007614213,0,0,0.002538071,0,0,0.005076142,0,0.002538071,0,0,0.002538071,0.005076142,0,0.007614213,0.005076142,0,0.012690355,0,0.005076142,0.005076142,0.005076142,0,0.002538071,0.007614213,0,0.002538071,0,0.007614213,0.007614213,0,0.002538071,0.005076142,0,0.010152284,0.017766497,0.005076142,0.007614213,0,0.005076142,0.005076142,0.007614213,0.002538071,0.002538071,0.002538071,0,0,0.005076142,0.007614213,0.012690355,0,0,0,0,0,0.002538071,0,0,0,0,0,0,0,0,0,0,0,0,0,0,0,0,0.007614213,0,0.002538071,0.002538071,0.002538071,0,0,0.005076142,0,0,0,0,0,0.002538071,0.002538071,0,0,0.005076142,0,0,1
sp|Q06320|CWLC_BACSU,0.007874016,0,0.015748031,0.003937008,0.011811024,0.003937008,0,0.003937008,0.007874016,0.011811024,0.003937008,0.019685039,0.003937008,0,0.007874016,0.003937008,0.003937008,0.003937008,0,0,0,0,0,0,0,0,0,0,0,0,0,0,0,0,0,0,0,0,0,0,0.007874016,0,0,0,0.007874016,0.003937008,0,0,0,0,0,0.003937008,0.007874016,0.003937008,0.007874016,0.007874016,0.007874016,0.003937008,0,0,0.003937008,0,0,0,0,0.003937008,0,0,0.003937008,0,0,0.003937008,0,0.003937008,0,0.011811024,0,0.003937008,0,0.003937008,0.003937008,0,0.007874016,0.003937008,0.003937008,0,0.003937008,0.011811024,0.003937008,0.003937008,0,0.003937008,0,0,0,0.003937008,0,0,0,0,0.019685039,0,0,0,0.015748031,0.011811024,0.007874016,0,0.003937008,0.015748031,0,0.003937008,0,0,0,0.003937008,0.003937008,0.003937008,0,0,0.003937008,0,0,0,0,0.003937008,0,0,0,0,0,0,0,0,0,0.003937008,0,0.007874016,0,0,0.003937008,0,0.007874016,0,0.003937008,0.007874016,0.007874016,0,0,0.007874016,0,0,0,0.007874016,0,0,0,0.007874016,0,0.003937008,0.003937008,0,0.007874016,0,0,0.003937008,0,0.003937008,0.007874016,0.003937008,0,0.003937008,0,0,0,0,0.015748031,0.011811024,0,0,0.015748031,0,0,0.007874016,0,0,0,0,0.011811024,0.015748031,0,0.003937008,0,0.007874016,0.007874016,0.007874016,0.011811024,0,0,0.007874016,0,0,0,0,0,0,0,0,0,0,0,0,0.003937008,0,0,0,0,0.003937008,0,0,0.019685039,0,0.003937008,0.003937008,0.003937008,0.011811024,0,0,0.003937008,0.003937008,0,0.003937008,0,0,0,0.003937008,0,0,0.003937008,0,0.003937008,0,0.003937008,0,0,0.007874016,0,0,0,0,0,0,0,0,0,0,0.003937008,0,0,0,0.007874016,0,0,0.003937008,0,0,0,0.011811024,0,0,0,0,0,0,0,0.007874016,0,0,0,0.003937008,0.003937008,0,0,0.003937008,0,0.007874016,0,0,0,0,0,0,0,0,0,0,0.011811024,0,0,0,0.003937008,0,0.011811024,0.003937008,0.003937008,0.007874016,0,0.007874016,0.003937008,0.015748031,0,0.003937008,0,0,0.003937008,0.015748031,0.003937008,0,0,0.003937008,0.003937008,0,0,0.003937008,0,0.007874016,0,0.007874016,0,0.011811024,0,0.007874016,0,0,0,0.011811024,0.007874016,0.003937008,0,0.003937008,0,0,0.003937008,0,0,0.003937008,0,0.007874016,0.007874016,0.007874016,0,0.003937008,0,0.007874016,0,0.011811024,0,0,0,0,0,0,0,0,0,0.003937008,0,0,0,0,0,0,0,0,0,0,0,0,0,0,0,0,0,0.003937008,0,0,0,0.003937008,0.007874016,0,0,0,0.003937008,0.003937008,0,0,0,0.003937008,0,0,1
sp|P80868|EFG_BACSU,0.00723589,0,0.002894356,0.00723589,0.004341534,0.008683068,0.002894356,0.005788712,0.005788712,0.00723589,0.001447178,0.004341534,0.002894356,0.004341534,0.002894356,0.002894356,0.004341534,0.010130246,0,0.002894356,0,0,0.001447178,0.001447178,0,0,0,0,0,0,0,0.001447178,0,0,0,0,0,0,0,0,0.00723589,0,0.001447178,0.005788712,0.002894356,0.002894356,0.001447178,0.00723589,0.004341534,0.004341534,0,0.001447178,0.002894356,0.001447178,0.002894356,0.002894356,0.005788712,0.004341534,0.001447178,0.001447178,0.004341534,0,0.005788712,0.017366136,0.008683068,0.008683068,0,0.00723589,0.002894356,0.00723589,0.002894356,0.004341534,0.008683068,0.004341534,0.00723589,0.001447178,0.005788712,0.004341534,0,0.004341534,0,0,0.001447178,0.005788712,0.001447178,0.002894356,0,0,0.005788712,0.001447178,0,0,0.002894356,0,0.004341534,0.002894356,0.002894356,0.002894356,0,0.004341534,0.010130246,0,0.005788712,0.005788712,0.002894356,0.002894356,0.002894356,0.00723589,0.005788712,0.002894356,0.002894356,0.001447178,0,0.002894356,0.00723589,0.004341534,0.008683068,0.00723589,0,0.002894356,0.002894356,0,0.001447178,0.001447178,0,0,0,0.001447178,0.001447178,0.001447178,0.001447178,0,0,0,0,0.001447178,0,0.002894356,0,0.001447178,0.002894356,0,0.008683068,0.005788712,0,0.005788712,0.001447178,0.00723589,0.004341534,0.004341534,0.004341534,0,0.004341534,0.001447178,0.001447178,0.002894356,0.005788712,0.004341534,0,0,0.004341534,0.001447178,0.002894356,0.002894356,0.001447178,0.008683068,0,0.002894356,0.001447178,0.004341534,0.002894356,0.005788712,0,0,0.002894356,0.002894356,0.002894356,0.00723589,0,0.001447178,0.00723589,0.001447178,0.010130246,0.008683068,0.002894356,0.001447178,0.001447178,0.002894356,0.004341534,0.001447178,0.001447178,0.001447178,0.002894356,0.002894356,0.005788712,0,0.001447178,0.005788712,0,0.001447178,0.005788712,0,0.005788712,0.004341534,0.001447178,0.005788712,0.002894356,0,0.002894356,0,0,0,0,0,0,0,0.001447178,0.001447178,0,0,0.005788712,0,0,0.004341534,0.001447178,0.001447178,0,0.002894356,0.004341534,0,0,0,0.002894356,0,0,0.004341534,0.001447178,0.004341534,0,0,0.002894356,0,0.001447178,0.005788712,0.001447178,0.001447178,0,0.002894356,0.002894356,0.002894356,0,0.001447178,0,0.002894356,0.002894356,0,0.002894356,0.004341534,0,0.001447178,0.005788712,0,0.001447178,0.002894356,0.001447178,0.001447178,0,0,0,0.002894356,0.002894356,0,0,0,0,0.002894356,0.004341534,0.002894356,0.001447178,0,0.001447178,0,0.001447178,0.008683068,0,0.00723589,0.001447178,0.005788712,0.001447178,0.001447178,0.001447178,0.002894356,0.001447178,0.002894356,0.001447178,0.004341534,0.002894356,0.00723589,0,0,0.004341534,0,0.002894356,0,0,0.00723589,0,0,0.002894356,0.004341534,0.002894356,0.002894356,0,0.001447178,0.002894356,0.001447178,0.002894356,0.002894356,0,0.002894356,0.002894356,0,0.002894356,0.002894356,0.005788712,0.005788712,0.001447178,0.004341534,0.001447178,0.005788712,0.001447178,0.002894356,0.001447178,0.002894356,0.004341534,0.002894356,0.010130246,0.004341534,0,0.001447178,0.010130246,0.001447178,0.004341534,0.013024602,0.001447178,0.010130246,0,0.004341534,0.001447178,0.010130246,0.001447178,0.002894356,0.005788712,0.002894356,0.002894356,0.001447178,0,0.004341534,0.002894356,0.002894356,0,0,0,0,0,0,0,0.001447178,0.001447178,0,0.001447178,0,0,0,0.001447178,0,0,0,0,0,0.002894356,0,0,0.002894356,0.001447178,0.001447178,0.001447178,0.001447178,0.001447178,0.002894356,0.001447178,0,0.001447178,0,0.002894356,0.002894356,0.001447178,0.002894356,0,0,1
sp|P9WNK7|ESXA_MYCTU,0.042553191,0,0,0,0,0.021276596,0,0.010638298,0,0.010638298,0.010638298,0,0,0,0.010638298,0.021276596,0.021276596,0,0.010638298,0.010638298,0,0,0,0,0,0,0,0,0,0,0,0,0,0,0,0,0,0,0,0,0.010638298,0,0,0.010638298,0,0,0,0,0,0,0,0,0,0,0,0,0,0,0,0,0.031914894,0,0,0,0,0.021276596,0,0,0,0.010638298,0,0,0,0.010638298,0,0,0,0,0,0,0.021276596,0,0,0,0,0,0,0,0,0,0,0,0,0,0,0,0,0,0,0,0,0,0,0,0,0.010638298,0,0.010638298,0.010638298,0,0.010638298,0.021276596,0,0.010638298,0,0.021276596,0,0.010638298,0,0,0,0,0,0,0,0,0,0,0,0,0,0,0,0,0,0.010638298,0,0,0,0,0,0,0,0.010638298,0,0,0.010638298,0,0,0,0,0,0,0.010638298,0,0.010638298,0,0,0,0,0,0,0,0,0,0,0,0,0,0.010638298,0,0,0,0.010638298,0,0,0,0,0.010638298,0,0.021276596,0,0.010638298,0,0,0,0,0,0,0.010638298,0,0.010638298,0,0.010638298,0,0,0.010638298,0,0,0,0.010638298,0,0,0,0.010638298,0,0,0,0,0,0,0,0,0,0,0,0.010638298,0,0,0,0.010638298,0,0,0,0.010638298,0,0,0,0,0.010638298,0,0.010638298,0,0,0,0,0,0.021276596,0,0,0,0,0,0,0,0,0,0,0,0,0,0,0,0,0,0,0,0,0,0,0.010638298,0,0,0,0,0.021276596,0,0,0.010638298,0,0,0.010638298,0,0.021276596,0,0.010638298,0,0,0.010638298,0,0,0,0,0,0,0,0,0,0,0,0,0,0,0,0,0,0.010638298,0,0,0,0.010638298,0,0,0.021276596,0,0.010638298,0,0.010638298,0,0.021276596,0,0,0,0,0,0,0.010638298,0,0,0,0.010638298,0,0,0.031914894,0,0.010638298,0,0.010638298,0.010638298,0,0,0,0,0,0,0.010638298,0,0,0,0,0,0,0,0,0,0,0,0,0,0,0,0,0,0.010638298,0,0,0.021276596,0,0,0,0,0,0.010638298,0,0,0.010638298,0,0,0,0,0,0.010638298,0,0,0,0,0,0,0,0,0,0,0,0,0,0,0,0,0,0,0,0,0,0.010638298,0,0,0,0,0,0,1
sp|P9WNK5|ESXB_MYCTU,0.050505051,0,0.01010101,0.01010101,0,0.04040404,0,0,0,0.01010101,0,0.01010101,0,0.02020202,0,0,0.01010101,0.01010101,0,0,0,0,0,0,0,0,0,0,0,0,0,0,0,0,0,0,0,0,0,0,0.01010101,0,0,0.02020202,0,0,0,0,0,0.01010101,0,0,0,0.01010101,0,0,0,0,0,0,0.02020202,0,0,0.01010101,0,0,0,0.01010101,0,0.01010101,0.01010101,0,0,0.01010101,0.01010101,0.01010101,0,0,0,0,0,0,0,0.01010101,0,0,0,0,0,0,0,0,0,0.01010101,0,0,0,0,0,0,0.01010101,0,0.01010101,0,0.01010101,0,0,0,0,0,0,0.01010101,0,0.01010101,0,0.01010101,0.01010101,0.01010101,0,0,0,0,0,0,0,0,0,0,0,0,0,0,0,0,0,0,0,0,0,0,0,0,0.01010101,0,0,0,0,0,0,0,0,0,0,0,0.01010101,0.02020202,0,0,0,0,0,0,0,0,0,0,0,0,0,0,0,0,0,0.02020202,0,0,0.02020202,0,0,0,0.01010101,0,0.01010101,0,0,0,0,0,0.01010101,0,0,0,0,0.01010101,0,0.01010101,0,0,0,0,0.01010101,0,0,0,0,0.01010101,0,0,0.01010101,0,0,0,0,0,0,0,0,0,0,0,0,0,0,0,0.01010101,0,0,0.01010101,0.01010101,0,0,0,0,0,0,0,0,0,0,0,0,0,0,0,0,0,0,0,0,0,0,0,0,0,0,0,0,0,0,0,0.03030303,0,0,0.03030303,0,0.01010101,0,0.01010101,0.01010101,0,0.01010101,0,0,0.02020202,0,0,0,0.01010101,0.01010101,0.01010101,0.01010101,0,0,0,0.01010101,0.01010101,0,0.01010101,0,0,0,0,0,0.01010101,0,0,0,0,0,0,0,0,0,0,0,0.01010101,0,0,0,0.01010101,0,0,0,0.01010101,0.01010101,0.01010101,0.02020202,0,0,0,0.02020202,0,0.01010101,0,0,0,0,0,0,0.01010101,0,0.01010101,0,0.01010101,0,0,0,0,0,0,0,0,0,0.01010101,0,0,0,0,0,0,0,0,0,0.01010101,0.01010101,0,0,0.01010101,0,0,0,0,0,0,0,0,0,0,0,0,0,0,0,0,0.01010101,0,0,0,0,0,0,0,0,0,0,0,0,0,0,0,0,0,0,0,0,0.01010101,0,0,0,0,1
sp|P39810|FLGK_BACSU,0.011857708,0,0.005928854,0.009881423,0.003952569,0.007905138,0,0,0.005928854,0.009881423,0,0.017786561,0,0.005928854,0.007905138,0.003952569,0.003952569,0.007905138,0,0.001976285,0,0,0,0,0,0,0,0,0,0,0,0,0,0,0,0,0,0,0,0,0.001976285,0,0.001976285,0.003952569,0.003952569,0.005928854,0,0.005928854,0.005928854,0.003952569,0,0.005928854,0,0.001976285,0,0.005928854,0.003952569,0.001976285,0,0.005928854,0.005928854,0,0,0.003952569,0.001976285,0.003952569,0,0.001976285,0.003952569,0.009881423,0.003952569,0,0.003952569,0.001976285,0.001976285,0.007905138,0.013833992,0.003952569,0,0,0.001976285,0,0.001976285,0,0.001976285,0,0,0.001976285,0,0.001976285,0.001976285,0.003952569,0.001976285,0.001976285,0,0.003952569,0.001976285,0,0.001976285,0,0.005928854,0,0.003952569,0.005928854,0.001976285,0.007905138,0,0.001976285,0.009881423,0.011857708,0.001976285,0.001976285,0,0.005928854,0.001976285,0.001976285,0.005928854,0.009881423,0,0.005928854,0.001976285,0,0,0,0,0,0,0,0,0,0,0,0,0,0.001976285,0,0,0,0,0,0.003952569,0,0.003952569,0.005928854,0.001976285,0.003952569,0,0.001976285,0.003952569,0.001976285,0,0.005928854,0,0.001976285,0.001976285,0.003952569,0.003952569,0,0,0,0.007905138,0,0,0.001976285,0,0.009881423,0,0.003952569,0,0.003952569,0,0.005928854,0,0.003952569,0,0.005928854,0.001976285,0.005928854,0,0,0.007905138,0,0.015810277,0.005928854,0,0.005928854,0,0.003952569,0.001976285,0.009881423,0,0.013833992,0.001976285,0.005928854,0,0.013833992,0.005928854,0.001976285,0,0.001976285,0.001976285,0,0,0.001976285,0,0.005928854,0,0.001976285,0,0.001976285,0,0,0,0,0,0.001976285,0.003952569,0.003952569,0,0,0.011857708,0,0.003952569,0.007905138,0,0.007905138,0,0.001976285,0.005928854,0.001976285,0.003952569,0.005928854,0,0,0.003952569,0.011857708,0.007905138,0.005928854,0,0.005928854,0.003952569,0,0,0.001976285,0,0,0,0,0,0,0,0.001976285,0,0,0,0,0,0.001976285,0,0,0.005928854,0,0.001976285,0.005928854,0.001976285,0.003952569,0.001976285,0.001976285,0,0.003952569,0.005928854,0.001976285,0,0.003952569,0.003952569,0.003952569,0,0.001976285,0,0.001976285,0.001976285,0,0.003952569,0,0,0,0,0.001976285,0.001976285,0.003952569,0.001976285,0.001976285,0,0.003952569,0.001976285,0.001976285,0,0.001976285,0,0,0.009881423,0,0.001976285,0.003952569,0.003952569,0.005928854,0,0.007905138,0.005928854,0.017786561,0.001976285,0.005928854,0,0.003952569,0,0.005928854,0.003952569,0.007905138,0,0.003952569,0.009881423,0,0.005928854,0.003952569,0.003952569,0.009881423,0,0.001976285,0.005928854,0.001976285,0,0.005928854,0,0.001976285,0.001976285,0.003952569,0.003952569,0.005928854,0,0,0.007905138,0,0.001976285,0.003952569,0,0.003952569,0.001976285,0.001976285,0,0.011857708,0,0.001976285,0,0.005928854,0,0.013833992,0.003952569,0.001976285,0,0.001976285,0,0,0,0,0,0,0,0,0,0,0,0.001976285,0,0,0,0,0,0,0,0,0.001976285,0,0.005928854,0.001976285,0.001976285,0.001976285,0,0.003952569,0,0,0,0.003952569,0.001976285,0.001976285,0.001976285,0,0.001976285,0,0,0.003952569,1
sp|P39738|FLID_BACSU,0.006036217,0,0.010060362,0.002012072,0.006036217,0.004024145,0,0.002012072,0.010060362,0,0.004024145,0.004024145,0.006036217,0,0,0.00804829,0.012072435,0,0,0.004024145,0,0,0,0,0,0,0,0,0,0,0,0,0,0,0,0,0,0,0,0,0.002012072,0,0.002012072,0,0.004024145,0.004024145,0,0.004024145,0.010060362,0.002012072,0.002012072,0.004024145,0.002012072,0,0.002012072,0.012072435,0.002012072,0.002012072,0,0.006036217,0.004024145,0,0.002012072,0.006036217,0.004024145,0.002012072,0,0.004024145,0.010060362,0.006036217,0.002012072,0.002012072,0,0.004024145,0.002012072,0.002012072,0.004024145,0.006036217,0.002012072,0.002012072,0,0,0,0.002012072,0,0.002012072,0,0,0.002012072,0,0.002012072,0.002012072,0,0,0,0.006036217,0.004024145,0.002012072,0,0.002012072,0.004024145,0,0.002012072,0.002012072,0.004024145,0.002012072,0.002012072,0.006036217,0.004024145,0.004024145,0.002012072,0.002012072,0.002012072,0.002012072,0,0.004024145,0.00804829,0.006036217,0,0.002012072,0,0,0,0,0,0,0,0,0,0.002012072,0,0,0,0,0,0,0,0,0,0,0.004024145,0,0.004024145,0.004024145,0,0.002012072,0,0,0.006036217,0,0.002012072,0.004024145,0,0.004024145,0,0.00804829,0.00804829,0.002012072,0.002012072,0.002012072,0.010060362,0,0.002012072,0.012072435,0.002012072,0.002012072,0,0.006036217,0.002012072,0.014084507,0.002012072,0.006036217,0,0.002012072,0.002012072,0.004024145,0.006036217,0.002012072,0,0.004024145,0.006036217,0,0.004024145,0.004024145,0.002012072,0.004024145,0,0,0.004024145,0.004024145,0.002012072,0.00804829,0,0.002012072,0.006036217,0.002012072,0.014084507,0.004024145,0.002012072,0,0,0,0.004024145,0.002012072,0,0.002012072,0,0,0.002012072,0,0,0.002012072,0,0.004024145,0.002012072,0.006036217,0,0.002012072,0,0,0.004024145,0,0.004024145,0.010060362,0.002012072,0.006036217,0,0.002012072,0.002012072,0.006036217,0,0.004024145,0,0.004024145,0.002012072,0.010060362,0.00804829,0.004024145,0,0.004024145,0,0,0,0,0,0.002012072,0,0,0,0.004024145,0,0.002012072,0,0.002012072,0,0.002012072,0,0.002012072,0,0,0.004024145,0,0.004024145,0,0,0.004024145,0,0.002012072,0.006036217,0.00804829,0.002012072,0,0,0,0.002012072,0.002012072,0.004024145,0.002012072,0,0,0.002012072,0,0.004024145,0.002012072,0,0.002012072,0,0.004024145,0,0.002012072,0,0.002012072,0,0,0,0.002012072,0.002012072,0,0,0.002012072,0.014084507,0,0.006036217,0.002012072,0,0.00804829,0,0.012072435,0.014084507,0.006036217,0,0.004024145,0,0.002012072,0,0.016096579,0.014084507,0.00804829,0,0.006036217,0.012072435,0,0.006036217,0.00804829,0,0.012072435,0,0.00804829,0,0.006036217,0.002012072,0.010060362,0.002012072,0.006036217,0.002012072,0.012072435,0.00804829,0.010060362,0,0.010060362,0.006036217,0,0.006036217,0.006036217,0,0,0,0.002012072,0.002012072,0.002012072,0,0.00804829,0,0.002012072,0,0.00804829,0.012072435,0.002012072,0,0,0,0,0,0.002012072,0,0,0,0,0,0,0,0.002012072,0,0.002012072,0,0,0,0,0,0,0,0,0,0,0,0,0,0,0.004024145,0.002012072,0.002012072,0.006036217,0.002012072,0.006036217,0.004024145,0.00804829,0.00804829,0.002012072,0,0.002012072,1
sp|P02968|FLA_BACSU,0.01650165,0,0.01650165,0.00660066,0,0.00990099,0,0.00990099,0.00660066,0.01650165,0.00330033,0.00990099,0,0.00660066,0,0.01320132,0.00990099,0.00330033,0,0,0,0,0,0,0,0,0,0,0,0,0,0,0,0,0,0,0,0,0,0,0.00990099,0,0.00330033,0.00990099,0,0.01320132,0,0.00330033,0.00330033,0.00660066,0.00660066,0.00330033,0,0,0,0,0.00660066,0.00660066,0,0,0.00660066,0,0.00330033,0,0.00660066,0.00330033,0.00330033,0.00660066,0.00660066,0.00330033,0.00660066,0.00330033,0,0,0,0.00330033,0.00330033,0,0,0,0.00330033,0,0.00330033,0,0,0,0,0,0,0,0,0.00330033,0,0.00330033,0,0,0.00330033,0,0,0,0.01320132,0,0.00330033,0.00330033,0.00330033,0,0,0.00990099,0.00330033,0.00990099,0,0.00330033,0,0.00330033,0,0.00330033,0.00660066,0,0,0,0.00330033,0,0,0,0,0,0,0,0,0,0,0.00330033,0,0,0,0.00330033,0.00330033,0,0,0,0.00660066,0,0.00330033,0.00330033,0,0.00660066,0,0,0.00330033,0.00660066,0,0.01320132,0,0.00660066,0.00660066,0.01650165,0,0,0,0,0.00330033,0,0,0.00660066,0.00330033,0,0,0,0.00330033,0.00990099,0.00330033,0.01320132,0,0,0,0,0,0.00660066,0,0,0.00660066,0,0.00660066,0.00660066,0,0.00660066,0.00330033,0.00330033,0.00330033,0.00660066,0,0.00660066,0,0.00990099,0.00660066,0.01320132,0.00990099,0.00660066,0,0,0.00660066,0,0,0.00330033,0,0.00330033,0,0,0,0.00330033,0,0,0,0,0.00660066,0.00330033,0,0,0,0,0.00660066,0,0.00330033,0,0,0.00330033,0.00330033,0.00990099,0,0.00990099,0.00330033,0.00990099,0,0.00990099,0.01320132,0.00660066,0.00660066,0.00330033,0,0,0.00330033,0,0,0,0,0,0,0,0,0,0,0,0,0.00330033,0,0,0,0,0,0,0.01320132,0,0.00990099,0,0,0,0,0.00990099,0.00660066,0.00660066,0,0.00660066,0.00330033,0.00660066,0.00660066,0.00330033,0.00330033,0.00330033,0,0,0.00660066,0,0.00330033,0.00330033,0,0.00660066,0,0.00990099,0,0.00660066,0,0,0,0,0,0,0.00330033,0.00330033,0,0,0.00990099,0,0,0.00660066,0,0.00660066,0,0.00660066,0.00330033,0.00330033,0,0.00660066,0,0.01650165,0.00330033,0.00990099,0,0.00660066,0,0,0.01320132,0,0.00660066,0.00660066,0,0.00330033,0.00330033,0.00330033,0.00660066,0.00330033,0,0,0.00330033,0.00660066,0,0,0,0,0,0.00330033,0,0,0.00990099,0,0.00330033,0,0,0,0,0.00330033,0,0.00660066,0,0.00660066,0.00330033,0.00330033,0.00330033,0.00660066,0,0,0,0,0,0,0,0,0,0,0,0,0,0,0,0,0,0,0,0,0,0,0,0,0,0,0,0,0,0,0.00330033,0,0,0,0,0,0,0,0,0,0,0,1
sp|O53083|RL19_LISMO,0.008849558,0,0,0,0,0.008849558,0,0,0.026548673,0,0,0,0,0,0.008849558,0,0,0,0,0,0,0,0,0,0,0,0,0,0,0,0,0,0,0,0,0,0,0,0,0,0,0,0,0.008849558,0,0,0,0,0,0,0,0,0,0,0,0,0.008849558,0.008849558,0,0,0,0,0,0,0,0.017699115,0,0.017699115,0,0,0,0,0,0,0.017699115,0,0.008849558,0.008849558,0,0,0,0,0,0.008849558,0,0,0,0,0,0,0,0,0.008849558,0,0.008849558,0,0.008849558,0,0,0,0.008849558,0,0.008849558,0,0,0,0,0.008849558,0.017699115,0,0,0,0,0,0,0,0.008849558,0.017699115,0,0,0.008849558,0,0,0,0,0,0,0,0,0,0,0,0,0,0,0,0.008849558,0,0,0,0.008849558,0,0.008849558,0,0,0,0,0,0.017699115,0,0,0,0,0.008849558,0.017699115,0.017699115,0.008849558,0,0,0,0.008849558,0,0,0.008849558,0,0,0,0.008849558,0,0.026548673,0,0,0,0,0.008849558,0.008849558,0,0.017699115,0,0,0,0,0,0.008849558,0.008849558,0,0,0.008849558,0,0,0,0.008849558,0,0,0.017699115,0,0,0,0,0.008849558,0,0,0,0,0,0,0,0,0,0,0,0.008849558,0,0,0,0,0,0,0,0,0,0,0,0,0.008849558,0,0,0,0.008849558,0.008849558,0,0,0.008849558,0,0,0.008849558,0,0,0,0,0,0,0.008849558,0,0,0.008849558,0,0,0,0,0,0.008849558,0,0,0.008849558,0,0,0.008849558,0,0,0,0,0,0,0,0,0,0,0,0.017699115,0,0,0,0,0,0,0,0,0,0,0.008849558,0,0,0.008849558,0,0.026548673,0,0.026548673,0.008849558,0,0,0.008849558,0.008849558,0,0.026548673,0,0.008849558,0.008849558,0,0,0,0,0,0.008849558,0,0,0,0,0,0,0,0.008849558,0,0.008849558,0,0,0,0.008849558,0,0,0,0,0,0,0.017699115,0,0,0,0.008849558,0,0,0,0.008849558,0,0.008849558,0,0,0.017699115,0,0,0,0,0,0.017699115,0,0.008849558,0.017699115,0.017699115,0,0,0,0,0.008849558,0,0.026548673,0,0,0.017699115,0,0,0,0,0,0,0,0,0,0,0,0,0,0,0,0,0,0,0,0,0,0,0,0,0,0,0,0,0,0,0,0.008849558,0,0,0,0,0,0,0,0,0,0.008849558,1
sp|P39138|ARGI_BACSU,0,0.003389831,0,0.003389831,0,0.010169492,0.006779661,0.006779661,0.003389831,0,0.003389831,0,0.006779661,0.003389831,0.006779661,0,0,0.006779661,0,0,0,0,0.003389831,0,0,0,0,0,0,0,0,0,0,0,0,0,0,0,0,0,0.010169492,0,0,0.006779661,0,0.006779661,0.006779661,0.003389831,0.003389831,0.013559322,0.006779661,0.003389831,0.003389831,0,0.003389831,0,0,0,0,0.003389831,0,0,0.003389831,0.010169492,0.003389831,0.006779661,0,0.003389831,0.010169492,0.006779661,0.003389831,0.003389831,0,0,0.006779661,0.013559322,0.006779661,0.003389831,0,0,0,0,0,0,0,0,0,0,0,0,0,0,0.003389831,0,0,0,0,0.003389831,0,0,0.003389831,0,0.010169492,0.003389831,0,0.006779661,0.003389831,0.010169492,0.006779661,0.003389831,0.013559322,0.006779661,0.003389831,0.003389831,0,0,0.010169492,0.013559322,0,0.006779661,0,0,0,0.006779661,0,0.006779661,0,0,0.003389831,0.010169492,0,0,0,0,0,0.003389831,0,0,0,0.003389831,0.003389831,0,0.003389831,0.010169492,0,0.013559322,0.003389831,0.006779661,0.010169492,0.003389831,0,0.003389831,0.003389831,0,0.003389831,0.006779661,0.003389831,0,0.003389831,0,0,0,0,0.003389831,0.003389831,0,0.003389831,0.006779661,0.006779661,0.006779661,0,0.010169492,0.003389831,0,0,0,0.010169492,0.013559322,0,0.003389831,0.016949153,0,0.020338983,0.006779661,0,0.023728814,0,0.003389831,0.003389831,0.006779661,0,0.006779661,0,0,0,0.010169492,0,0.010169492,0,0.003389831,0,0,0.006779661,0.003389831,0,0.006779661,0.003389831,0,0.003389831,0.003389831,0,0,0.006779661,0,0,0,0.003389831,0,0,0,0,0,0.006779661,0.003389831,0,0,0,0.003389831,0.006779661,0.010169492,0,0,0.003389831,0,0.003389831,0.003389831,0.003389831,0.003389831,0,0,0,0,0,0.003389831,0,0.003389831,0,0.006779661,0.003389831,0.006779661,0.003389831,0.003389831,0,0,0,0.006779661,0,0.003389831,0,0,0.003389831,0,0,0,0,0,0,0,0.003389831,0,0,0,0,0,0,0,0,0,0,0,0,0,0,0.006779661,0,0.003389831,0,0,0.003389831,0.006779661,0,0,0,0,0.003389831,0.003389831,0,0,0,0.003389831,0.010169492,0,0.003389831,0,0,0.006779661,0.003389831,0.003389831,0,0.016949153,0,0,0.003389831,0,0,0,0,0.006779661,0,0.003389831,0.006779661,0,0,0,0,0.003389831,0,0.003389831,0.003389831,0.010169492,0.003389831,0,0.003389831,0,0,0.006779661,0,0.003389831,0,0,0,0,0.003389831,0.013559322,0,0.006779661,0.003389831,0.016949153,0,0.006779661,0,0.010169492,0,0,0,0.003389831,0,0.006779661,0,0.003389831,0,0,0,0,0,0,0,0,0,0,0,0,0,0,0,0,0,0,0,0.003389831,0.006779661,0,0.010169492,0,0,0,0,0.003389831,0,0.003389831,0,0,0,0,0.003389831,0,0.006779661,0,0,0,1
sp|Q9RLT9|RPOB_LISMO,0.005071851,0.000845309,0.001690617,0.00591716,0.002535926,0.004226543,0.000845309,0.002535926,0.004226543,0.006762468,0,0.003381234,0.002535926,0.001690617,0.007607777,0.003381234,0.001690617,0.002535926,0.000845309,0.002535926,0,0,0,0,0,0,0,0.000845309,0,0,0,0,0.000845309,0,0,0,0,0,0,0.000845309,0.005071851,0,0.006762468,0.00591716,0.002535926,0.00591716,0.000845309,0.005071851,0.004226543,0.004226543,0.002535926,0.00591716,0.002535926,0.003381234,0.002535926,0.003381234,0.002535926,0.007607777,0,0.003381234,0.006762468,0,0.00591716,0.01183432,0.002535926,0.003381234,0.001690617,0.007607777,0.005071851,0.006762468,0.004226543,0.004226543,0.002535926,0.000845309,0.007607777,0.003381234,0.00591716,0.007607777,0,0.000845309,0.002535926,0,0.002535926,0.000845309,0.002535926,0.00591716,0,0.002535926,0.000845309,0.001690617,0.003381234,0.003381234,0.000845309,0,0.003381234,0,0.002535926,0.001690617,0,0,0.00591716,0,0.00591716,0.010989011,0.003381234,0.00591716,0.001690617,0.004226543,0.004226543,0.003381234,0.003381234,0.004226543,0.004226543,0.001690617,0.00591716,0.002535926,0.004226543,0.008453085,0,0.001690617,0.001690617,0,0.001690617,0.000845309,0,0.002535926,0,0.001690617,0.000845309,0.002535926,0.000845309,0,0.000845309,0,0.000845309,0.000845309,0,0.003381234,0,0.001690617,0.000845309,0,0.00591716,0.00591716,0.001690617,0.004226543,0.002535926,0.006762468,0.004226543,0.004226543,0.001690617,0.005071851,0.003381234,0.001690617,0.001690617,0.005071851,0.001690617,0.005071851,0.000845309,0.001690617,0.002535926,0,0.005071851,0.005071851,0.001690617,0.005071851,0.001690617,0.004226543,0.001690617,0.006762468,0.001690617,0.002535926,0,0.000845309,0.002535926,0.000845309,0.002535926,0.002535926,0,0.002535926,0.004226543,0,0.00591716,0.007607777,0.000845309,0.010989011,0.004226543,0.005071851,0.000845309,0.00591716,0.002535926,0.000845309,0.003381234,0.002535926,0.009298394,0.005071851,0.004226543,0.008453085,0,0.000845309,0.003381234,0.000845309,0.004226543,0.003381234,0.000845309,0.002535926,0.000845309,0.000845309,0,0.001690617,0,0.000845309,0.001690617,0.000845309,0.000845309,0.002535926,0.003381234,0.000845309,0,0.000845309,0.003381234,0,0.004226543,0.000845309,0,0.004226543,0,0.004226543,0.003381234,0.005071851,0.000845309,0,0.001690617,0.005071851,0.00591716,0.001690617,0.001690617,0.003381234,0,0.002535926,0,0,0.000845309,0.007607777,0.002535926,0.004226543,0.000845309,0.001690617,0.003381234,0.005071851,0,0.00591716,0.001690617,0.000845309,0,0.002535926,0.001690617,0.003381234,0,0.001690617,0.001690617,0,0.000845309,0.002535926,0.002535926,0.001690617,0,0.000845309,0.000845309,0.003381234,0,0.001690617,0.001690617,0.001690617,0.002535926,0.001690617,0.002535926,0.001690617,0.000845309,0,0.003381234,0,0.007607777,0.005071851,0.002535926,0.001690617,0.001690617,0.005071851,0.002535926,0.00591716,0.003381234,0.002535926,0.003381234,0.000845309,0.005071851,0.006762468,0.002535926,0.009298394,0,0.001690617,0.002535926,0,0.002535926,0.003381234,0.002535926,0.004226543,0.000845309,0.004226543,0.002535926,0.00591716,0.000845309,0.001690617,0.002535926,0.002535926,0.003381234,0.002535926,0.002535926,0.00591716,0,0.001690617,0.004226543,0.000845309,0.004226543,0.003381234,0.001690617,0.004226543,0.000845309,0.002535926,0.000845309,0.005071851,0,0.002535926,0.00591716,0.000845309,0.004226543,0.001690617,0.000845309,0.003381234,0.000845309,0.000845309,0.005071851,0,0.005071851,0.004226543,0.001690617,0.008453085,0.001690617,0.002535926,0.009298394,0.00591716,0.002535926,0.001690617,0.004226543,0.002535926,0.006762468,0.005071851,0.00591716,0.00591716,0.001690617,0.002535926,0.000845309,0,0.000845309,0,0.000845309,0,0,0,0,0.000845309,0,0,0,0,0,0.000845309,0,0.000845309,0,0,0.001690617,0,0.002535926,0.004226543,0.001690617,0.002535926,0,0.001690617,0.000845309,0.001690617,0.001690617,0.001690617,0,0.000845309,0.000845309,0.002535926,0.002535926,0.000845309,0,0,1
sp|Q8YA96|RPOC_LISMO,0.005833333,0,0.004166667,0.005,0.0025,0.005833333,0.0025,0.006666667,0.0025,0.005,0,0.000833333,0.003333333,0.005833333,0.005,0.003333333,0.003333333,0.005,0,0.001666667,0,0,0.000833333,0.000833333,0,0.003333333,0,0,0.000833333,0,0,0.000833333,0,0,0,0.000833333,0.000833333,0,0,0.000833333,0.0025,0.000833333,0.003333333,0.004166667,0.000833333,0.0025,0,0.004166667,0.001666667,0.005833333,0.001666667,0.000833333,0.0025,0.000833333,0.005,0.0025,0.005,0.005833333,0.000833333,0.000833333,0.01,0.000833333,0.000833333,0.006666667,0,0.0075,0.000833333,0.009166667,0.006666667,0.005833333,0.000833333,0.001666667,0.004166667,0.000833333,0.009166667,0,0.006666667,0.0125,0,0.003333333,0.0025,0.000833333,0.000833333,0.0025,0,0.000833333,0.001666667,0.000833333,0.005,0.000833333,0.000833333,0.001666667,0.000833333,0.000833333,0.003333333,0.000833333,0.003333333,0.001666667,0,0,0.003333333,0,0.004166667,0.005,0.001666667,0.0025,0.000833333,0.005833333,0.008333333,0.01,0.0025,0.004166667,0.0025,0.001666667,0.01,0.0025,0.0075,0.004166667,0,0.001666667,0,0,0.000833333,0.000833333,0,0.0025,0,0.003333333,0,0.000833333,0.000833333,0.000833333,0.0025,0,0.000833333,0.000833333,0.001666667,0.001666667,0,0,0.006666667,0,0.0025,0.005,0.004166667,0.003333333,0.000833333,0.005833333,0.004166667,0.009166667,0,0.003333333,0.003333333,0.003333333,0.009166667,0.0025,0.009166667,0.004166667,0.001666667,0.000833333,0.005,0.000833333,0.004166667,0.005833333,0.001666667,0.005833333,0.0025,0.006666667,0.005833333,0.003333333,0.001666667,0.000833333,0.003333333,0.001666667,0.005,0.005833333,0.001666667,0.001666667,0,0.0025,0.0075,0,0.004166667,0.0125,0.001666667,0.0075,0.0025,0.006666667,0.008333333,0.006666667,0.0025,0.003333333,0.005,0.000833333,0.001666667,0.005833333,0.0075,0.005,0,0.000833333,0.003333333,0,0.0025,0.000833333,0,0.0025,0,0,0.003333333,0.005,0.000833333,0,0,0.001666667,0.001666667,0.000833333,0.000833333,0.003333333,0,0.000833333,0.001666667,0,0.0025,0.003333333,0.0025,0.001666667,0,0.006666667,0,0.003333333,0,0.0025,0.003333333,0.000833333,0.004166667,0.000833333,0.001666667,0.000833333,0,0.001666667,0.0025,0,0.000833333,0.004166667,0.001666667,0.003333333,0,0.001666667,0.004166667,0.004166667,0.001666667,0.0025,0.000833333,0,0.001666667,0.003333333,0.0025,0.005,0,0.001666667,0.0025,0.000833333,0.0025,0.005,0,0.005,0,0.000833333,0.000833333,0.005,0.001666667,0.003333333,0.000833333,0.000833333,0.001666667,0.000833333,0,0,0,0,0.004166667,0.000833333,0.003333333,0.008333333,0.0025,0.005833333,0.000833333,0.004166667,0.004166667,0.0075,0.005,0.003333333,0.003333333,0.0025,0.006666667,0.003333333,0.0025,0.0075,0,0.003333333,0.005,0.000833333,0.000833333,0.001666667,0.003333333,0.005,0.0025,0.0025,0.001666667,0.0025,0,0.001666667,0.001666667,0.001666667,0.0025,0,0.001666667,0.0025,0.001666667,0.001666667,0.004166667,0.000833333,0.0075,0.006666667,0.001666667,0.005,0.000833333,0.006666667,0.005833333,0.005,0.000833333,0.0025,0.0025,0.003333333,0.0025,0.0025,0.003333333,0.003333333,0,0,0.001666667,0.0025,0.005,0.0075,0.001666667,0.006666667,0.001666667,0.0075,0.000833333,0.0075,0.004166667,0.000833333,0.001666667,0.003333333,0.004166667,0.001666667,0.005,0.004166667,0.000833333,0.001666667,0,0,0.000833333,0.000833333,0,0,0,0,0,0,0.000833333,0.000833333,0,0,0,0.000833333,0,0,0,0.000833333,0,0,0,0.000833333,0.003333333,0.001666667,0,0.000833333,0.001666667,0.0025,0.000833333,0.001666667,0,0.001666667,0.005,0.001666667,0.000833333,0.001666667,0,0.000833333,1
sp|Q8Y459|RS9_LISMO,0.007751938,0,0,0,0,0.015503876,0,0.007751938,0,0.023255814,0,0,0.015503876,0.007751938,0.023255814,0,0.007751938,0,0,0,0,0,0,0,0,0,0,0,0,0,0,0,0,0,0,0,0,0,0,0,0,0,0,0,0,0.007751938,0,0,0,0,0,0,0,0,0,0.007751938,0,0.007751938,0.007751938,0.007751938,0,0,0.007751938,0,0,0,0,0,0,0,0,0,0,0,0.007751938,0,0.007751938,0.007751938,0,0.007751938,0.007751938,0,0,0,0,0,0,0,0,0,0,0,0,0,0,0.007751938,0,0,0,0,0.015503876,0,0.007751938,0,0,0.015503876,0,0,0.007751938,0.015503876,0,0.007751938,0,0.007751938,0.007751938,0,0.007751938,0.007751938,0,0.007751938,0,0,0,0,0,0.015503876,0,0,0,0,0,0,0,0,0,0,0,0,0,0,0,0,0,0,0,0,0,0,0.007751938,0,0,0.007751938,0.007751938,0,0.007751938,0,0,0.007751938,0,0,0,0,0,0.007751938,0,0.007751938,0,0.007751938,0.007751938,0,0,0,0.007751938,0.007751938,0.007751938,0.015503876,0,0,0,0,0,0,0,0,0,0.007751938,0,0,0.015503876,0.015503876,0,0,0,0.007751938,0.007751938,0,0.007751938,0.023255814,0,0,0.007751938,0,0,0,0,0,0,0,0.007751938,0,0,0,0,0,0,0,0,0,0,0,0,0,0,0,0,0,0,0,0,0,0,0.007751938,0,0,0.007751938,0,0,0.007751938,0,0.007751938,0.007751938,0,0,0.007751938,0.007751938,0.015503876,0,0,0,0.007751938,0,0,0,0.007751938,0,0,0,0,0,0,0.007751938,0,0,0,0.007751938,0,0,0,0,0,0,0,0.007751938,0,0,0,0,0.015503876,0,0.007751938,0.015503876,0,0.015503876,0.007751938,0,0,0.007751938,0,0.015503876,0.007751938,0.007751938,0,0.007751938,0,0.015503876,0,0,0.007751938,0,0,0.007751938,0,0,0,0,0,0,0,0.007751938,0,0,0,0,0,0.007751938,0.007751938,0,0.007751938,0,0,0,0,0,0.007751938,0,0.015503876,0,0,0,0.007751938,0,0,0,0,0.007751938,0,0,0,0,0,0.031007752,0,0,0,0,0,0.007751938,0.015503876,0,0.007751938,0,0.007751938,0.007751938,0.007751938,0.007751938,0,0,0,0,0,0,0,0,0.007751938,0,0,0,0,0,0,0,0,0,0,0,0,0,0,0,0,0,0,0.007751938,0,0,0.007751938,0,0.007751938,0,0,0,0,0,0,0.007751938,0,0.007751938,0,0,0.007751938,1
sp|P39797|XEPA_BACSU,0.017985612,0,0.003597122,0.017985612,0.003597122,0.014388489,0.003597122,0,0,0.007194245,0,0,0,0,0.003597122,0.007194245,0.010791367,0.014388489,0.003597122,0.007194245,0,0,0,0,0,0,0,0,0,0,0,0,0,0,0,0,0,0,0,0,0.003597122,0,0.003597122,0,0.010791367,0.007194245,0,0.003597122,0.003597122,0,0,0.003597122,0,0,0.007194245,0,0,0.003597122,0.003597122,0,0.010791367,0,0,0.003597122,0.007194245,0.007194245,0,0.010791367,0.003597122,0,0.007194245,0.007194245,0,0,0,0.007194245,0,0.007194245,0,0,0.003597122,0,0.007194245,0,0,0,0.003597122,0.003597122,0.003597122,0,0,0,0.003597122,0,0.003597122,0,0,0.010791367,0.003597122,0,0.017985612,0,0,0.003597122,0.003597122,0.007194245,0,0,0.014388489,0,0,0.003597122,0,0.007194245,0.003597122,0,0.014388489,0.010791367,0.003597122,0,0,0,0.003597122,0.003597122,0,0,0,0,0,0.003597122,0,0,0,0,0,0,0,0,0,0,0,0,0.003597122,0.003597122,0,0,0,0.007194245,0.003597122,0.003597122,0.003597122,0,0,0,0.003597122,0.007194245,0.003597122,0,0,0,0.014388489,0,0,0.003597122,0.003597122,0.010791367,0,0,0,0.003597122,0,0.003597122,0.003597122,0,0.003597122,0.003597122,0.010791367,0.007194245,0,0.003597122,0,0,0.003597122,0,0.003597122,0.010791367,0,0.003597122,0.007194245,0.003597122,0,0,0.007194245,0.007194245,0,0.010791367,0.007194245,0.003597122,0,0.003597122,0,0,0.003597122,0.003597122,0,0,0,0,0,0,0,0,0,0,0,0.003597122,0,0.003597122,0,0,0.007194245,0,0.003597122,0.003597122,0,0.003597122,0,0,0,0.007194245,0,0.007194245,0,0.003597122,0,0,0,0.007194245,0,0,0,0,0,0,0,0,0,0.003597122,0,0.007194245,0,0,0,0,0,0,0,0.007194245,0,0.003597122,0,0,0.003597122,0,0,0,0,0.003597122,0.003597122,0.003597122,0,0,0,0.003597122,0,0.007194245,0.003597122,0,0,0.003597122,0,0,0,0.003597122,0.003597122,0.007194245,0,0,0.003597122,0.007194245,0,0,0,0,0,0,0,0.003597122,0,0.007194245,0.003597122,0,0.003597122,0.010791367,0,0.007194245,0,0.003597122,0.007194245,0,0,0.003597122,0,0.003597122,0,0.003597122,0.003597122,0.010791367,0,0,0.017985612,0,0.007194245,0.003597122,0.003597122,0.003597122,0.003597122,0,0,0.010791367,0,0.003597122,0.007194245,0,0,0,0.010791367,0,0,0,0.007194245,0,0.003597122,0.007194245,0.003597122,0.003597122,0,0,0.021582734,0.010791367,0,0.010791367,0,0,0.003597122,0.010791367,0.003597122,0,0.003597122,0.007194245,0.007194245,0,0,0,0,0.003597122,0,0,0,0,0,0,0,0,0,0,0.003597122,0.003597122,0,0,0.003597122,0,0,0.003597122,0,0.003597122,0,0,0,0.003597122,0,0,0,0.007194245,0.007194245,0.003597122,0,0.003597122,0,0.003597122,1
sp|P54327|XKDG_BACSU,0.006451613,0.003225806,0.006451613,0.009677419,0.006451613,0,0,0,0.006451613,0.006451613,0,0,0,0.012903226,0,0.009677419,0.003225806,0.012903226,0,0,0.003225806,0,0,0,0,0,0,0,0,0,0,0,0,0,0,0,0,0,0,0,0.009677419,0,0,0.003225806,0,0.006451613,0,0.009677419,0.003225806,0,0.003225806,0,0.003225806,0.003225806,0.006451613,0.006451613,0.006451613,0,0,0,0,0,0.003225806,0.012903226,0.003225806,0.006451613,0,0.006451613,0.006451613,0.009677419,0.003225806,0.006451613,0,0,0.003225806,0.003225806,0,0.009677419,0.003225806,0,0,0,0,0.006451613,0,0.006451613,0,0.006451613,0.003225806,0,0,0,0,0,0.003225806,0.006451613,0,0,0,0.003225806,0,0,0.009677419,0.006451613,0.006451613,0.006451613,0,0.003225806,0.003225806,0.016129032,0,0,0,0.003225806,0,0,0,0.006451613,0,0,0,0,0,0,0,0.003225806,0,0.003225806,0,0,0,0,0.003225806,0,0,0,0,0,0,0,0.003225806,0,0,0.009677419,0.003225806,0.003225806,0,0.012903226,0,0.012903226,0.003225806,0.006451613,0.003225806,0.006451613,0.016129032,0,0.003225806,0.009677419,0,0,0.009677419,0,0.009677419,0.006451613,0.009677419,0.006451613,0,0.003225806,0.003225806,0.006451613,0,0.003225806,0,0.003225806,0,0.003225806,0,0,0,0.003225806,0.006451613,0,0.006451613,0.006451613,0,0.006451613,0,0.006451613,0.006451613,0,0.003225806,0.003225806,0,0.003225806,0.006451613,0.012903226,0.009677419,0,0,0,0,0,0,0.003225806,0,0,0,0,0,0,0,0.006451613,0,0.003225806,0.003225806,0.003225806,0,0.003225806,0,0,0,0,0.006451613,0,0,0.006451613,0,0.016129032,0,0.003225806,0,0.003225806,0.003225806,0.003225806,0,0,0.006451613,0.003225806,0,0,0.003225806,0,0,0,0,0,0,0,0.006451613,0,0,0,0.003225806,0.003225806,0,0,0.006451613,0.003225806,0,0.006451613,0.009677419,0,0,0.009677419,0,0.003225806,0,0.003225806,0.003225806,0.006451613,0.003225806,0.003225806,0.003225806,0.003225806,0.003225806,0,0.006451613,0,0,0.003225806,0.009677419,0,0,0,0.003225806,0,0,0.009677419,0.009677419,0,0.003225806,0.006451613,0,0.003225806,0,0.003225806,0,0.006451613,0,0,0.009677419,0,0.003225806,0.003225806,0,0.003225806,0.006451613,0,0.003225806,0.003225806,0,0.006451613,0,0.003225806,0.012903226,0,0.006451613,0,0,0,0.009677419,0,0,0,0.003225806,0,0.003225806,0.006451613,0.003225806,0.003225806,0,0.003225806,0.003225806,0,0,0.006451613,0.003225806,0.009677419,0,0.003225806,0.003225806,0,0.009677419,0.003225806,0,0.003225806,0,0.006451613,0.006451613,0.003225806,0,0.003225806,0.009677419,0.009677419,0,0.006451613,0,0,0,0,0,0,0,0,0,0,0,0,0.003225806,0,0,0,0,0,0,0,0,0,0,0,0,0,0.006451613,0,0,0,0,0,0,0.006451613,0,0,0,0,0,0,0.006451613,0,0,0,1
sp|P54331|XKDK_BACSU,0.010752688,0,0.002150538,0.015053763,0.002150538,0.012903226,0,0,0.008602151,0.006451613,0,0.006451613,0.002150538,0.002150538,0.002150538,0.010752688,0.008602151,0.008602151,0.002150538,0,0,0,0,0,0,0,0,0,0,0,0,0,0,0,0,0,0,0,0,0,0.010752688,0,0.002150538,0.004301075,0.002150538,0.008602151,0.002150538,0.010752688,0.008602151,0.008602151,0,0,0.002150538,0.002150538,0.002150538,0.002150538,0.004301075,0.006451613,0,0.004301075,0.004301075,0,0.010752688,0.002150538,0.002150538,0.015053763,0,0,0.008602151,0.004301075,0,0,0,0,0.008602151,0.004301075,0.004301075,0.006451613,0,0.002150538,0.004301075,0,0.008602151,0,0,0,0,0.002150538,0.002150538,0.006451613,0,0.006451613,0,0,0,0,0.008602151,0.004301075,0,0.002150538,0.006451613,0,0.008602151,0.004301075,0.004301075,0.008602151,0,0.008602151,0.004301075,0.004301075,0,0.002150538,0,0.004301075,0,0.006451613,0.012903226,0.008602151,0,0.002150538,0,0,0.002150538,0,0,0,0,0,0,0,0,0,0,0,0.002150538,0,0,0,0,0,0.004301075,0,0.004301075,0,0,0,0,0.006451613,0.004301075,0,0,0.006451613,0.004301075,0,0.004301075,0.004301075,0.006451613,0.004301075,0,0.002150538,0.012903226,0,0.002150538,0.004301075,0.004301075,0.006451613,0,0.002150538,0.008602151,0,0,0.006451613,0,0.002150538,0.002150538,0.004301075,0.008602151,0.004301075,0,0,0.004301075,0,0.006451613,0.002150538,0.002150538,0.002150538,0.002150538,0.004301075,0.004301075,0.008602151,0.002150538,0.004301075,0.004301075,0.004301075,0.004301075,0.008602151,0.010752688,0.002150538,0,0,0,0,0.002150538,0,0,0,0,0.002150538,0,0,0,0.004301075,0,0,0,0,0.002150538,0,0,0.002150538,0.004301075,0,0.004301075,0.002150538,0.002150538,0.004301075,0,0,0.006451613,0,0,0.002150538,0,0.004301075,0,0.006451613,0,0.006451613,0,0.002150538,0.002150538,0,0.002150538,0,0,0,0,0,0,0.002150538,0,0,0,0,0,0.002150538,0,0.008602151,0,0,0,0,0.002150538,0.002150538,0,0.004301075,0,0,0.002150538,0.002150538,0,0.002150538,0.002150538,0,0,0.002150538,0.002150538,0,0,0.004301075,0.004301075,0,0.006451613,0.004301075,0,0.002150538,0,0.002150538,0.002150538,0.010752688,0,0,0,0,0,0,0,0.004301075,0,0,0.006451613,0,0.006451613,0.008602151,0.004301075,0.004301075,0,0.004301075,0,0.008602151,0.002150538,0,0,0,0.002150538,0.006451613,0.002150538,0.006451613,0.002150538,0,0.015053763,0,0.004301075,0.008602151,0.017204301,0.010752688,0,0.006451613,0.002150538,0.004301075,0.002150538,0,0.002150538,0.002150538,0.002150538,0,0.008602151,0.006451613,0,0.002150538,0.008602151,0,0.006451613,0.010752688,0,0.002150538,0,0.002150538,0.006451613,0.010752688,0,0.006451613,0,0.004301075,0.004301075,0.006451613,0.012903226,0,0,0.002150538,0,0,0,0,0,0.002150538,0,0,0,0,0,0,0,0,0,0,0,0.002150538,0,0,0.002150538,0,0,0.004301075,0.004301075,0.002150538,0,0,0,0,0.004301075,0,0,0,0.002150538,0,0.002150538,0.004301075,0,0,1
sp|P54332|XKDM_BACSU,0,0,0,0,0,0,0.006849315,0,0.006849315,0.01369863,0,0.01369863,0,0.006849315,0,0.006849315,0.006849315,0.006849315,0,0,0,0,0,0,0,0,0,0,0,0,0,0,0,0,0,0,0,0,0,0,0,0,0.006849315,0,0.006849315,0.006849315,0,0,0,0,0,0,0.006849315,0.006849315,0,0.01369863,0.006849315,0.020547945,0,0.006849315,0.01369863,0,0.006849315,0.020547945,0,0.006849315,0,0,0.01369863,0,0.006849315,0,0,0,0.006849315,0,0,0.01369863,0,0,0,0,0.01369863,0.01369863,0,0,0,0,0,0.006849315,0,0,0,0,0,0,0.01369863,0.006849315,0,0.006849315,0.006849315,0,0,0.006849315,0,0,0.006849315,0,0.006849315,0,0,0,0,0,0.020547945,0.006849315,0.020547945,0,0,0,0,0,0,0,0,0,0,0.006849315,0.006849315,0,0,0,0,0,0,0,0,0,0,0,0.006849315,0,0,0,0,0,0,0,0.006849315,0,0.006849315,0,0,0,0,0.006849315,0,0,0,0,0.006849315,0,0,0.006849315,0.006849315,0.006849315,0,0.006849315,0.006849315,0.006849315,0,0.006849315,0,0,0,0.006849315,0.01369863,0.006849315,0,0,0,0,0.020547945,0.006849315,0.006849315,0,0,0,0.006849315,0.006849315,0.006849315,0,0,0.006849315,0,0.006849315,0,0,0,0.006849315,0.01369863,0,0.006849315,0,0,0.006849315,0,0,0,0,0.006849315,0,0,0,0,0,0.006849315,0,0,0,0,0,0,0,0.006849315,0.006849315,0,0.006849315,0.006849315,0,0,0,0,0,0,0,0.006849315,0.006849315,0,0,0,0,0,0.006849315,0.006849315,0,0,0,0,0,0,0,0,0,0,0,0,0,0,0.006849315,0.006849315,0,0,0,0,0,0,0,0,0,0,0.006849315,0,0,0,0.006849315,0,0,0,0,0,0,0,0,0,0.006849315,0,0,0,0.006849315,0.006849315,0,0,0,0.006849315,0,0,0.006849315,0,0,0.006849315,0,0.01369863,0.01369863,0,0.01369863,0,0,0.006849315,0.006849315,0,0,0,0,0,0.006849315,0,0,0,0,0.006849315,0,0,0.006849315,0.02739726,0.020547945,0,0.006849315,0,0.01369863,0,0,0,0,0,0.006849315,0.006849315,0,0,0,0,0,0.006849315,0.006849315,0,0,0,0,0.006849315,0.01369863,0,0.01369863,0.01369863,0,0,0,0.01369863,0,0,0,0,0,0,0,0,0,0,0,0,0,0,0,0,0,0,0,0,0,0,0,0,0,0.006849315,0,0.006849315,0,0,0,0.006849315,0,0,0,0,0,0,0,0,0.006849315,0,0,1
sp|P39800|XLYA_BACSU,0.016891892,0,0.013513514,0.006756757,0.003378378,0.006756757,0.003378378,0,0.003378378,0.006756757,0.003378378,0.013513514,0.003378378,0.010135135,0.010135135,0.003378378,0.006756757,0.010135135,0,0,0,0,0,0.003378378,0,0,0,0,0,0,0,0,0.003378378,0,0,0,0,0,0,0,0.006756757,0,0.003378378,0,0.006756757,0.016891892,0,0,0.003378378,0,0,0,0.003378378,0,0,0.003378378,0.013513514,0,0,0,0,0.003378378,0.003378378,0,0,0,0.006756757,0.006756757,0.006756757,0.003378378,0,0.006756757,0,0,0,0,0,0,0.003378378,0,0.003378378,0,0,0,0,0.003378378,0,0.003378378,0.003378378,0,0,0,0,0.006756757,0,0,0.003378378,0,0,0.003378378,0.010135135,0,0.010135135,0.003378378,0,0.010135135,0,0.016891892,0.003378378,0.003378378,0,0.006756757,0.006756757,0.003378378,0,0.006756757,0,0.006756757,0.003378378,0.003378378,0.006756757,0,0,0,0.003378378,0,0,0,0.003378378,0.003378378,0,0.006756757,0,0,0,0,0,0.003378378,0,0,0.006756757,0.003378378,0.003378378,0.006756757,0,0.006756757,0,0.006756757,0.003378378,0,0,0,0.003378378,0.006756757,0.003378378,0.003378378,0.003378378,0.003378378,0,0.006756757,0.006756757,0,0,0.006756757,0,0.003378378,0,0.003378378,0,0.003378378,0,0.003378378,0.003378378,0.003378378,0,0,0.006756757,0,0,0.003378378,0.006756757,0,0.003378378,0,0,0,0,0.010135135,0.003378378,0.003378378,0.003378378,0.003378378,0.006756757,0.003378378,0,0.003378378,0.010135135,0,0,0.010135135,0.003378378,0,0,0,0,0,0,0,0,0,0,0,0,0,0,0,0.003378378,0.003378378,0,0,0.006756757,0,0,0.003378378,0,0.013513514,0,0.010135135,0,0.003378378,0,0.010135135,0.003378378,0,0.006756757,0,0.006756757,0.003378378,0,0,0.003378378,0,0.010135135,0.003378378,0,0.003378378,0.003378378,0,0.003378378,0.010135135,0,0.003378378,0,0,0.003378378,0.003378378,0,0.003378378,0,0.003378378,0,0,0.003378378,0.003378378,0,0.003378378,0.003378378,0,0,0.010135135,0,0,0,0,0.003378378,0.003378378,0.003378378,0.006756757,0.003378378,0,0.010135135,0,0,0,0.003378378,0,0,0,0.003378378,0,0,0,0.003378378,0,0,0,0,0.003378378,0,0.003378378,0.006756757,0,0,0,0.003378378,0.010135135,0,0.006756757,0,0.003378378,0,0,0,0.003378378,0,0,0,0.003378378,0.003378378,0,0.016891892,0,0,0.003378378,0,0,0,0,0.003378378,0.006756757,0,0,0.006756757,0,0,0.010135135,0.010135135,0.010135135,0.003378378,0.003378378,0.006756757,0,0.003378378,0,0.003378378,0.010135135,0.003378378,0,0.003378378,0.003378378,0,0.010135135,0.003378378,0.003378378,0,0.003378378,0.003378378,0.006756757,0,0.003378378,0,0,0.003378378,0,0,0,0.006756757,0,0,0.003378378,0,0.003378378,0,0,0,0.003378378,0,0,0,0,0.003378378,0,0,0,0.003378378,0.006756757,0,0.003378378,0,0.003378378,0,0,0.006756757,0.003378378,0,0,0.003378378,0.003378378,0.003378378,0,1
sp|P80875|G16U_BACSU,0.005208333,0,0,0.010416667,0.005208333,0.015625,0,0.010416667,0.005208333,0,0,0.005208333,0,0,0.010416667,0.005208333,0.005208333,0.005208333,0,0,0.005208333,0,0,0,0,0,0,0,0,0,0,0,0,0,0,0,0,0,0,0,0.010416667,0,0.005208333,0.005208333,0.015625,0.005208333,0,0,0.005208333,0.015625,0,0.005208333,0,0,0,0.005208333,0.005208333,0,0,0.005208333,0.005208333,0,0.005208333,0.010416667,0,0.010416667,0,0,0,0.010416667,0,0.005208333,0,0,0,0,0.010416667,0,0.005208333,0,0,0,0.005208333,0,0,0.005208333,0,0.005208333,0,0.005208333,0,0,0,0,0,0.010416667,0,0.010416667,0,0.005208333,0.005208333,0,0.010416667,0.015625,0,0.015625,0.005208333,0,0.005208333,0.020833333,0,0.005208333,0,0.010416667,0,0.010416667,0,0,0.005208333,0.005208333,0,0,0.010416667,0,0,0,0,0,0,0,0,0.005208333,0,0,0,0.005208333,0,0,0,0,0.010416667,0,0.005208333,0.005208333,0.005208333,0.005208333,0.005208333,0.005208333,0,0,0,0,0,0,0.005208333,0.010416667,0.005208333,0.005208333,0,0,0,0.005208333,0,0,0.005208333,0.005208333,0,0.005208333,0,0,0,0,0,0,0,0,0.005208333,0.015625,0,0.005208333,0.015625,0,0.010416667,0.005208333,0,0.005208333,0,0.005208333,0,0.005208333,0,0,0,0.005208333,0,0.010416667,0.010416667,0,0,0.005208333,0,0,0,0,0,0,0,0,0,0,0,0,0,0,0,0,0.005208333,0,0,0,0.005208333,0,0.005208333,0.010416667,0.005208333,0.010416667,0,0.005208333,0.005208333,0.010416667,0,0,0.005208333,0.005208333,0,0,0,0.005208333,0,0,0.005208333,0,0,0,0,0.005208333,0,0,0,0,0,0.005208333,0,0,0,0,0,0,0,0,0,0,0,0,0,0.005208333,0,0,0.005208333,0.005208333,0,0.005208333,0,0,0,0,0,0.010416667,0,0,0,0,0,0,0,0,0.005208333,0.010416667,0,0,0,0,0,0,0,0.005208333,0,0,0,0.005208333,0.010416667,0,0,0,0.005208333,0.010416667,0,0.005208333,0.005208333,0.005208333,0,0.005208333,0.005208333,0.005208333,0,0.005208333,0,0.010416667,0,0,0.005208333,0,0.005208333,0,0,0.005208333,0,0.010416667,0.005208333,0,0,0.015625,0,0,0,0,0,0,0,0,0,0,0.005208333,0,0.005208333,0.010416667,0.005208333,0.005208333,0.005208333,0,0,0.010416667,0.005208333,0,0.005208333,0.005208333,0,0.015625,0,0,0,0,0.005208333,0,0,0,0,0,0.005208333,0,0,0,0,0,0,0,0,0,0,0,0,0,0.010416667,0,0,0.005208333,0,0,0,0,0,0.005208333,0,0.005208333,0.005208333,0,0,0,0,0,1
