#,Xc1.A,Xc1.R,Xc1.N,Xc1.D,Xc1.C,Xc1.Q,Xc1.E,Xc1.G,Xc1.H,Xc1.I,Xc1.L,Xc1.K,Xc1.M,Xc1.F,Xc1.P,Xc1.S,Xc1.T,Xc1.W,Xc1.Y,Xc1.V,Xc2.lambda1,Xc2.lambda2,Xc2.lambda3,Xc2.lambda4,Xc2.lambda5,Xc2.lambda6,Xc2.lambda7,Xc2.lambda8,Xc2.lambda9,Xc2.lambda10,Xc2.lambda11,Xc2.lambda12,Xc2.lambda13,Xc2.lambda14,Xc2.lambda15,Xc2.lambda16,Xc2.lambda17,Xc2.lambda18,Xc2.lambda19,Xc2.lambda20,Xc2.lambda21,Xc2.lambda22,Xc2.lambda23,Xc2.lambda24,Xc2.lambda25,Xc2.lambda26,Xc2.lambda27,Xc2.lambda28,Xc2.lambda29,Xc2.lambda30,target
sp|Q81LS2_p|DNAK_BACAN,18.73332312,6.332390914,5.804691671,11.0816841,0.263849621,8.707037507,16.88637577,12.40093221,1.055398486,9.762435993,13.19248107,11.87323296,2.110796971,3.957744321,6.068541293,6.596240536,10.55398486,0,2.110796971,13.72018031,0.024116967,0.024665092,0.025039258,0.023667854,0.023758712,0.025364482,0.024197774,0.022858215,0.024152874,0.024359099,0.02505941,0.024004388,0.02515831,0.023905976,0.024384455,0.02429765,0.025156529,0.024029784,0.024056515,0.02515083,0.024431411,0.023576357,0.023973909,0.024069574,0.026343573,0.025862442,0.024919214,0.025697091,0.024184831,0.025707802,1
sp|Q81X78_p|ENO_BACAN,11.33962655,4.381219349,6.185250845,7.473844771,0.257718785,2.061750282,9.793313838,11.85506412,1.804031496,8.504719912,7.989282342,5.92753206,3.092625423,4.123500563,2.834906637,5.412094489,6.185250845,0.257718785,3.350344208,8.247001127,0.025527025,0.028486926,0.023754856,0.023486066,0.025301768,0.023156532,0.025477254,0.024516895,0.025919005,0.024860851,0.024697149,0.023345346,0.025377249,0.025889383,0.02477971,0.023156815,0.024954177,0.024439286,0.022211667,0.024853011,0.025748717,0.024857585,0.024863527,0.02499679,0.023743666,0.02535397,0.024445346,0.023247973,0.025179982,0.025652689,1
sp|P13243_p|ALF_BACSU,8.378934084,1.675786817,2.792978028,2.513680225,0.837893408,1.95508462,8.378934084,7.820338478,2.513680225,4.468764845,5.585956056,5.585956056,2.513680225,2.513680225,3.630871436,4.748062647,4.748062647,0,1.95508462,6.98244507,0.024144259,0.025307947,0.025095156,0.023977084,0.025794922,0.024089163,0.024118053,0.024389021,0.025296191,0.025103532,0.023045537,0.022141798,0.023945768,0.025229595,0.024273574,0.023239106,0.024772202,0.023946064,0.024301599,0.024220623,0.02406852,0.023286208,0.024593179,0.020506102,0.022798646,0.024462231,0.023376438,0.024868409,0.024699091,0.02161218,1
tr|Q8Y498_p|Q8Y498_LISMO,8.55506943,0.827909945,2.759699816,4.691489687,0.827909945,1.931789871,6.071339596,8.279099448,2.759699816,6.347309577,4.691489687,6.347309577,2.207759853,1.65581989,3.035669798,3.587609761,3.863579743,0.551939963,1.65581989,7.727159485,0.025388842,0.026060233,0.024261074,0.022810765,0.02462897,0.023815404,0.023767714,0.024697446,0.025175937,0.024564972,0.024274326,0.02322662,0.025188517,0.024807773,0.025151,0.023464529,0.025396956,0.024291628,0.023593028,0.025261467,0.022810657,0.023864081,0.024811666,0.021711437,0.02267555,0.024867123,0.024693635,0.023913327,0.023026623,0.021828717,1
sp|P68905_p|ALF_STRP1,10.49652799,1.883992203,3.767984406,3.229700919,0.538283487,2.153133946,7.805110555,8.343394041,2.153133946,5.921118352,5.113693122,4.575409636,1.883992203,2.691417433,2.960559176,2.960559176,3.229700919,0.538283487,2.153133946,6.459401839,0.026456661,0.026514709,0.024391038,0.025068347,0.024547873,0.025490059,0.022489652,0.024068586,0.024546467,0.02538418,0.024412887,0.024216156,0.025117051,0.024661322,0.023863604,0.021431949,0.025051848,0.023720851,0.025417261,0.025693343,0.022737632,0.024170125,0.023893207,0.024602064,0.022748727,0.023174318,0.026488117,0.022764085,0.024131143,0.023604995,1
sp|P99136_p|G3P1_STAAN,8.953814484,3.686864788,3.950212272,6.847034605,0.52669497,3.160169818,6.056992151,7.373729575,1.316737424,3.686864788,6.847034605,5.530297181,2.106779879,2.633474848,2.106779879,4.740254727,6.847034605,0.52669497,2.106779879,9.480509454,0.026057224,0.025888196,0.025436457,0.023192278,0.023956339,0.02592013,0.023135463,0.024073686,0.025622393,0.024734342,0.022680699,0.025511474,0.024535821,0.024543182,0.025946192,0.026088263,0.023556228,0.023583677,0.025205171,0.025310155,0.024810876,0.024753286,0.024675239,0.023530895,0.022704487,0.026024107,0.023883308,0.023753625,0.0224566,0.025082722,1
tr|Q8CWN6_p|Q8CWN6_STRR6,8.367897127,3.922451779,4.706942134,6.01442606,0.784490356,2.353471067,5.49143249,8.890890698,1.568980711,5.229935705,6.275922846,6.275922846,2.614967852,3.660954993,2.614967852,4.968438919,7.060413201,0.52299357,2.353471067,10.19837462,0.026005399,0.026746895,0.024102293,0.025785073,0.025546985,0.024888089,0.021545304,0.023729588,0.026056471,0.025799922,0.02338326,0.025121075,0.025072176,0.024715122,0.02585779,0.025488372,0.023227201,0.02312757,0.026085229,0.026094588,0.025685692,0.024049217,0.023923939,0.022940451,0.022577747,0.025741614,0.023247687,0.024183972,0.022859849,0.024914645,1
sp|Q8Y3P9_p|CATA_LISMO,7.041699701,7.527334163,7.527334163,8.498603087,0,4.370710159,9.469872012,7.284516932,3.156624004,5.584796315,7.284516932,6.556065239,2.18535508,6.79888247,7.284516932,6.556065239,6.79888247,1.699720617,4.370710159,8.498603087,0.026065605,0.026335823,0.025329334,0.026102132,0.024989706,0.024654722,0.025097227,0.025519717,0.024758113,0.026233323,0.024029808,0.025483638,0.025044326,0.025688104,0.024692365,0.024850071,0.025034808,0.024868886,0.026053103,0.027328753,0.025553468,0.023297603,0.025284588,0.023900914,0.02531767,0.025392807,0.025749543,0.02624102,0.024378203,0.02390739,1
sp|Q9L4S1_p|CATA_STAAU,6.740792748,7.70376314,7.463020542,10.11118912,0.481485196,6.018564953,9.148218729,9.388961327,3.611138972,5.777822355,6.018564953,6.981535346,3.611138972,7.70376314,6.259307551,4.814851963,7.222277944,1.685198187,5.055594561,5.777822355,0.024785555,0.026030141,0.024923858,0.024919071,0.025309147,0.026009008,0.023943615,0.024929658,0.026465846,0.027095111,0.02478755,0.025403221,0.025779144,0.025036392,0.025382946,0.024999025,0.027242478,0.025439267,0.02315226,0.027013506,0.025512351,0.025497246,0.025157498,0.024800009,0.025841958,0.025208756,0.024942772,0.026066773,0.025092705,0.022490536,1
sp|P19669_p|TAL_BACSU,6.448610689,2.149536896,2.68692112,3.492997456,0,1.34346056,3.761689569,3.761689569,2.149536896,5.642534353,6.179918577,3.492997456,1.074768448,1.880844784,1.880844784,2.418229008,4.030381681,0.268692112,0.268692112,4.030381681,0.026808921,0.027980686,0.020802744,0.022818582,0.027909821,0.023975805,0.022401397,0.024903084,0.024590903,0.024703584,0.024443077,0.025986263,0.026200757,0.023489369,0.024540912,0.025432726,0.022956187,0.022715855,0.025869359,0.02237604,0.02213423,0.026074688,0.025100219,0.022009821,0.024765366,0.025652567,0.023317553,0.02034586,0.026350005,0.024651508,1
sp|Q81V33_p|TAL1_BACAN,7.614827477,1.903706869,2.719581242,2.719581242,0.271958124,1.087832497,4.895246236,3.807413739,1.903706869,5.711120608,4.623288111,3.535455615,1.087832497,2.175664994,1.903706869,2.447623118,3.535455615,0.271958124,0.271958124,5.983078732,0.026152726,0.027649274,0.021168638,0.021258678,0.026699063,0.023928374,0.021457373,0.024673424,0.024590054,0.023924117,0.024356879,0.024909169,0.024285256,0.02333136,0.024412819,0.025557278,0.023091802,0.024801481,0.026904898,0.023432082,0.022338182,0.025630925,0.026167318,0.022750249,0.024971379,0.025817425,0.022088524,0.021206012,0.026217586,0.02426953,1
tr|Q81Y15_p|Q81Y15_BACAN,20.5062274,6.748884967,7.527602463,9.604182453,0.259572499,4.412732478,13.49776993,15.05520493,4.15315998,7.008457466,13.75734243,8.306319959,5.710594972,5.451022473,6.748884967,11.68076244,10.90204495,2.595724987,7.008457466,11.94033494,0.024885011,0.025868998,0.023498932,0.024582818,0.024062409,0.024536398,0.024201149,0.024059916,0.024514991,0.023694447,0.024737106,0.02389178,0.025130019,0.024571214,0.023684254,0.02464124,0.025497389,0.023284954,0.025405265,0.02548287,0.02490092,0.025143575,0.025058605,0.02679032,0.025097121,0.02433397,0.024940295,0.025095384,0.024744098,0.024092052,1
tr|Q8Y7H4_p|Q8Y7H4_LISMO,19.30903148,5.740522873,7.827985736,9.132650025,0.260932858,4.696791442,13.04664289,15.91690433,3.913992868,7.30612002,15.13410576,10.17638146,3.913992868,6.523321447,7.827985736,11.7419786,9.393582883,2.609328579,5.740522873,13.04664289,0.025709326,0.024923851,0.024333026,0.024988163,0.024383674,0.023585268,0.024122699,0.023075288,0.024322631,0.023967649,0.025271918,0.024874182,0.024260545,0.024969101,0.024174216,0.02434283,0.025791601,0.023808852,0.026034956,0.02614776,0.024170724,0.023982026,0.024991388,0.025938936,0.025482028,0.024119086,0.024457116,0.02528611,0.023840886,0.023711305,1
sp|P99161_p|TKT_STAAN,15.52930245,5.527378839,9.475506581,8.422672516,0,3.948127742,15.79251097,15.79251097,4.474544774,6.317004387,16.05571948,10.00192361,3.42171071,7.633046968,7.896255484,13.68684284,9.475506581,2.105668129,6.053795871,12.63400877,0.024702531,0.02556417,0.023212942,0.024367967,0.024460691,0.023725933,0.024794816,0.024585587,0.023741794,0.02385111,0.025012762,0.02451889,0.024313456,0.024923036,0.02455847,0.024299829,0.024915291,0.022911566,0.024648485,0.02630568,0.024394695,0.024647117,0.024918328,0.026952463,0.024023434,0.024055976,0.024141878,0.025377777,0.024885437,0.023979371,1
sp|Q8Y6W0_p|PFKA_LISMO,6.396151335,4.974784372,2.605839433,5.211678866,0,1.421366963,5.44857336,9.71267425,1.895155951,6.396151335,7.580623805,3.553417408,1.184472469,2.605839433,1.421366963,3.790311902,4.027206396,0.236894494,1.895155951,5.211678866,0.025082342,0.02771359,0.02453606,0.023231212,0.025711583,0.026202023,0.02487823,0.02539417,0.024582466,0.025001359,0.025464373,0.025358313,0.024101317,0.026936893,0.025896593,0.026474945,0.02516988,0.025863091,0.025235697,0.026353537,0.026033052,0.02542152,0.024917394,0.026184485,0.024522508,0.026518921,0.024562417,0.024945662,0.025310923,0.025500951,1
sp|Q65EM9_p|PGK_BACLD,11.58999471,3.275433287,3.527389694,7.5586922,0.251956407,1.007825627,8.566517827,9.070430641,1.51173844,5.29108454,8.566517827,9.322387047,2.26760766,3.7793461,3.527389694,4.787171727,3.7793461,0.503912813,2.015651253,9.070430641,0.026234051,0.025479811,0.024422576,0.025240151,0.026414371,0.027008064,0.023745499,0.025038869,0.025931349,0.024710907,0.023563893,0.024781778,0.023641213,0.025122295,0.024813804,0.025310964,0.024915684,0.025807847,0.025568337,0.024291768,0.024388983,0.026661357,0.022836093,0.02341479,0.025182648,0.023028936,0.026430277,0.024417486,0.023856115,0.025783678,1
sp|Q8Y4I2_p|PGK_LISMO,10.57831644,2.115663288,3.966868665,7.93373733,0.264457911,1.322289555,8.198195241,10.84277435,1.322289555,6.082531953,10.57831644,10.04940062,2.115663288,4.760242398,3.437952843,5.28915822,5.553616131,0.528915822,0.793373733,8.991568974,0.025063833,0.025620383,0.024228903,0.025158269,0.025028762,0.025116713,0.023822483,0.024918189,0.025804134,0.024775052,0.023354975,0.024388786,0.023460033,0.025586728,0.023297318,0.024031852,0.025065625,0.024905988,0.023557664,0.024568452,0.023157367,0.024588886,0.023906621,0.023778028,0.024863232,0.023397761,0.026733475,0.024424597,0.024484555,0.024453425,1
sp|P68897_p|PGK_STRP1,11.02291527,2.563468667,4.357896735,6.921365402,0,2.050774934,8.715793469,11.79195587,0.7690406,6.665018535,9.484834069,8.715793469,1.281734334,3.845203001,3.076162401,4.870590468,4.357896735,0.7690406,1.5380812,9.228487203,0.024888786,0.025427696,0.02394337,0.024282912,0.026191082,0.02676465,0.024593218,0.024839247,0.024855798,0.025413337,0.025045162,0.023466348,0.022934728,0.024944845,0.024941217,0.025113293,0.024169559,0.025953984,0.025228377,0.023924391,0.02549831,0.024473245,0.024943787,0.023984,0.024854129,0.024000267,0.025230911,0.024825746,0.024296199,0.024624541,1
sp|Q8DN74_p|G6PI_STRR6,10.96924305,3.988815655,4.487417612,7.977631311,0,3.988815655,8.226932289,8.725534246,1.495805871,6.232524461,10.4706411,8.226932289,1.495805871,5.484621526,3.739514677,6.232524461,5.733922504,0.997203914,5.733922504,7.728330332,0.024181786,0.025893946,0.024783907,0.022687303,0.025291252,0.025466398,0.02605281,0.024792737,0.024112569,0.023771427,0.024499482,0.024724741,0.023711208,0.024983543,0.025121605,0.025107753,0.025467365,0.024857656,0.025338313,0.026426161,0.024743865,0.02479505,0.025888829,0.025343646,0.024739037,0.025800821,0.026152893,0.026908299,0.02360432,0.025450301,1
sp|Q8Y4I4_p|GPMI_LISMO,11.89104953,4.653019381,8.013533378,9.306038761,0,2.585010767,11.1155463,10.08154199,4.136017227,8.789036608,9.823040915,9.306038761,3.10201292,5.687023687,6.204025841,6.204025841,6.979529071,0.77550323,3.10201292,10.08154199,0.024977332,0.025769446,0.022546885,0.024923938,0.025057044,0.025591191,0.025004061,0.0266227,0.024719946,0.02524877,0.024351299,0.023644013,0.025540671,0.025447588,0.022853279,0.024866836,0.025235437,0.02356944,0.023769306,0.024555512,0.024215194,0.023148426,0.026150758,0.024396543,0.024722688,0.025343237,0.023910628,0.02501707,0.024873117,0.025426568,1
tr|Q926S7_p|Q926S7_LISIN,5.998022754,1.564701588,2.086268784,4.172537568,0.521567196,1.30391799,5.476455558,3.91175397,0.782350794,5.21567196,6.51958995,4.433321166,0.782350794,1.825485186,1.30391799,3.129403176,2.868619578,0.260783598,1.043134392,4.172537568,0.025279809,0.024994304,0.024016334,0.026066577,0.027164475,0.025677824,0.023711676,0.023964667,0.025527006,0.023929416,0.023805704,0.025273089,0.023816992,0.024352363,0.023207963,0.02311284,0.026044856,0.025130236,0.024935436,0.023877875,0.024750935,0.02453981,0.023626038,0.024067981,0.027372481,0.024337099,0.024273875,0.025057036,0.022150901,0.025150805,1
sp|Q81K75_p|G6PI_BACAN,8.607909845,3.797607284,5.316650198,6.076171655,0.506347638,3.038085828,10.88647422,9.87377894,2.278564371,5.569824017,11.89916949,8.354736026,2.278564371,6.076171655,3.544433466,6.076171655,6.582519293,0.759521457,5.569824017,6.835693112,0.024404477,0.025919052,0.024506037,0.023283601,0.025408427,0.025171281,0.024871024,0.024956635,0.024419581,0.024801221,0.023583556,0.024893352,0.024888707,0.025620154,0.023864539,0.024964324,0.02630151,0.02437154,0.025276332,0.026202412,0.02398067,0.02545822,0.02561491,0.025061512,0.024336171,0.025349603,0.025127058,0.025424636,0.023900502,0.024865138,1
sp|Q928R6_p|G6PI_LISIN,10.49066905,3.746667518,5.994668029,7.74311287,0,1.748444842,8.742224208,9.491557712,2.248000511,5.994668029,10.24089122,9.241779877,0.749333504,6.494223698,3.746667518,5.744890194,5.744890194,0.749333504,5.49511236,7.992890705,0.024526254,0.026085884,0.024842519,0.023534858,0.023935172,0.025833678,0.025183259,0.025055401,0.024943255,0.024620833,0.023178464,0.025413525,0.024853716,0.024867934,0.024223147,0.023698322,0.027099741,0.02560163,0.025773878,0.026344431,0.024039416,0.024596477,0.024867509,0.025757163,0.024411479,0.025762094,0.025594821,0.02633414,0.024083478,0.025159688,1
sp|Q928I1_p|TPIS1_LISIN,9.829115792,2.586609419,2.327948477,3.621253187,1.034643768,2.327948477,5.690540722,4.914557896,1.034643768,4.655896954,4.13857507,3.362592245,0.775982826,2.069287535,2.069287535,3.879914128,3.362592245,0.775982826,1.551965651,4.914557896,0.0241659,0.025029522,0.024531298,0.023955488,0.02581446,0.023589322,0.026005388,0.023507272,0.023494384,0.023665665,0.024251972,0.02399743,0.02623871,0.024046757,0.02440595,0.024871198,0.026583228,0.026258816,0.025878764,0.026585533,0.024228986,0.022803888,0.024513952,0.023746916,0.024672687,0.025606266,0.025517173,0.023203724,0.026052873,0.024115536,1
sp|P99133_p|TPIS_STAAN,7.226569611,1.605904358,2.676507263,3.747110168,0.802952179,2.676507263,6.958918884,5.620665253,1.070602905,4.550062347,4.014760895,5.353014526,1.338253632,1.873555084,2.141205811,4.014760895,4.282411621,0.535301453,1.338253632,5.888315979,0.022958997,0.024384327,0.023133896,0.024482277,0.026346691,0.025710213,0.023791999,0.024537109,0.024280915,0.024221988,0.024781957,0.023332633,0.026227764,0.024660968,0.023855532,0.024253188,0.026392887,0.025502008,0.023258097,0.02416457,0.024544005,0.02165597,0.023985131,0.02279446,0.023595752,0.02443572,0.025249015,0.025768738,0.02500308,0.025039385,1
sp|P69887_p|TPIS_STRP1,10.9942303,1.374278788,2.748557576,4.947403636,1.374278788,2.19884606,4.947403636,4.947403636,0.549711515,2.473701818,4.672547878,4.672547878,1.374278788,2.473701818,2.473701818,3.847980606,3.023413333,0.549711515,1.923990303,7.695961212,0.023450194,0.025351145,0.022981224,0.022644271,0.025385188,0.023695892,0.025312943,0.022739757,0.022277545,0.023517126,0.026054256,0.022254275,0.024946812,0.02528261,0.023778408,0.023023248,0.025202414,0.024750343,0.024498293,0.025112296,0.023696117,0.024340494,0.023706246,0.023390416,0.024086133,0.024093001,0.0259829,0.024993634,0.024603271,0.023993793,1
sp|Q92D19_p|PT1_LISIN,14.54437473,6.379111723,5.358453847,8.930756412,0.510328938,3.572302565,15.5650326,8.675591943,1.786151282,9.696249819,14.54437473,9.696249819,4.848124909,5.103289378,4.592960441,8.675591943,8.165263005,0.510328938,3.572302565,11.22723663,0.025348576,0.026357116,0.024385658,0.024371961,0.024577669,0.025101887,0.023512078,0.023783354,0.024141005,0.023528266,0.025149851,0.02440006,0.025583191,0.024324572,0.025202954,0.024687275,0.025321958,0.024878478,0.024057995,0.026362183,0.024583844,0.024914526,0.025764867,0.026154038,0.023615571,0.025245702,0.025940042,0.023937393,0.024574336,0.025029129,1
sp|Q99V14_p|PT1_STAAN,13.99709599,6.22093155,7.776164437,10.62742473,1.036821925,5.443315106,13.73789051,9.072191843,1.555232887,11.40504117,14.51550695,8.812986362,4.665698662,4.665698662,4.924904143,6.998547993,7.776164437,0.259205481,3.888082219,10.88663021,0.024805815,0.026342081,0.023615018,0.024777573,0.0255085,0.025000744,0.023111864,0.022955329,0.023937352,0.023140839,0.024862842,0.025376802,0.024232512,0.024200449,0.025201798,0.024115841,0.025742137,0.024624917,0.025291071,0.026408863,0.02497322,0.024277634,0.025762464,0.02550635,0.023309382,0.02489264,0.025937602,0.024094989,0.024119819,0.02466807,1
tr|Q99Z66_p|Q99Z66_STRP1,19.83234061,6.001892553,5.740940703,10.43807401,0.5219037,5.479988853,13.83044806,8.872362904,2.087614801,8.350459204,13.30854436,8.089507354,6.784748103,5.479988853,4.697133302,6.784748103,8.350459204,0.5219037,3.653325902,11.74283326,0.025500647,0.026641703,0.024468689,0.024346756,0.02507723,0.025068471,0.023522179,0.024041053,0.024539822,0.023725804,0.025837365,0.023638942,0.025071791,0.024750314,0.025037775,0.023387037,0.023942415,0.024667966,0.024487537,0.025503418,0.025370616,0.024403382,0.024545435,0.024295255,0.023658313,0.025102791,0.025691613,0.023196204,0.024322585,0.025205039,1
sp|Q820A6_p|ODPA_STAAN,10.63829095,4.305974907,4.305974907,5.825730756,0,6.079023398,8.10536453,6.332316039,0.759877925,6.079023398,6.585608681,6.079023398,2.532926416,3.29280434,4.052682265,3.546096982,5.065852831,1.013170566,4.052682265,5.065852831,0.023986819,0.025742917,0.025360133,0.024865421,0.0251389,0.024698333,0.024938015,0.024966547,0.023500293,0.023969274,0.024476209,0.024227436,0.023649295,0.025180021,0.025581947,0.025314225,0.024786132,0.025234591,0.025173946,0.024421451,0.024805261,0.024336207,0.026143639,0.025568397,0.025768758,0.025938897,0.025107802,0.025171881,0.024210666,0.024443947,1
sp|P99063_p|ODPB_STAAN,7.882041858,3.813891222,2.542594148,4.576669466,0,3.305372392,8.136301273,7.627782444,0.762778244,5.84796654,5.84796654,4.068150637,2.034075318,3.559631807,3.559631807,3.813891222,4.322410051,0.254259415,1.779815904,8.899079518,0.025776122,0.025564114,0.023229854,0.024523973,0.024407406,0.02596987,0.024928554,0.024462794,0.023893304,0.024589536,0.025639971,0.0240623,0.025295659,0.026364829,0.02399043,0.0242097,0.026445102,0.025064959,0.025897238,0.025890255,0.025033349,0.024145136,0.025352326,0.02372536,0.025221352,0.023570485,0.02348898,0.025062984,0.025213691,0.024720952,1
tr|Q65K42_p|Q65K42_BACLD,15.12424376,3.449388927,5.572089805,7.164115464,0.26533761,4.245401757,11.14417961,7.960128293,2.122700878,7.694790684,7.164115464,9.552153952,2.122700878,2.918713708,5.572089805,3.980064147,5.306752196,0.53067522,1.857363268,10.34816678,0.024777314,0.025260403,0.023937491,0.023922458,0.024343511,0.026604491,0.025367224,0.024037262,0.024057447,0.024790077,0.025583867,0.023079398,0.025228378,0.025127496,0.024951945,0.024971217,0.022291345,0.024002461,0.023720999,0.024107719,0.023411821,0.022211272,0.025922415,0.025528225,0.0242253,0.024733127,0.024834149,0.024983255,0.024508036,0.024142288,1
tr|Q8Y863_p|Q8Y863_LISMO,17.36310322,3.798178828,5.425969755,9.224148583,0,4.069477316,14.92141683,11.39453649,2.984283365,9.224148583,8.41025312,11.123238,2.44168639,4.883372779,7.867656145,8.41025312,9.766745559,0.813895463,2.170387902,13.2936259,0.023639095,0.024812654,0.023300729,0.023525757,0.02517248,0.024928427,0.024995513,0.024239623,0.02485647,0.024105453,0.024919894,0.023081468,0.024575634,0.023531815,0.024841631,0.023551401,0.022593912,0.024077896,0.024425559,0.022876379,0.025303219,0.023225854,0.02672238,0.025997472,0.023016862,0.024238406,0.025231369,0.024513475,0.024153643,0.024247044,1
sp|P65636_p|ODP2_STAAN,13.89676365,3.741436367,4.543172731,7.482872734,0.267245455,2.939700003,11.49155456,8.017363643,2.939700003,7.750118189,6.413890915,8.551854553,2.672454548,2.939700003,5.879400005,6.14664546,6.14664546,1.068981819,1.336227274,10.68981819,0.023874442,0.025689887,0.023920262,0.024291601,0.024934473,0.025399224,0.024824982,0.025674964,0.023658641,0.023961196,0.024681995,0.023269797,0.02437866,0.025654499,0.024407834,0.024750483,0.022588602,0.025037034,0.023381512,0.023781334,0.023486817,0.023714214,0.025997587,0.02505289,0.023206773,0.024837145,0.025999951,0.024475915,0.024711587,0.023110241,1
tr|Q81MR4_p|Q81MR4_BACAN,14.50087056,3.283215976,4.924823964,4.651222632,1.094405325,3.556817307,10.67045192,14.50087056,2.18881065,10.39685059,7.934438608,8.48164127,3.283215976,3.283215976,4.651222632,4.924823964,8.755242602,0.273601331,3.283215976,13.9536679,0.025584037,0.025006233,0.02523016,0.023701661,0.024035766,0.025198431,0.023390883,0.02350929,0.024243658,0.023695287,0.024986578,0.024023817,0.024160164,0.025143569,0.023864283,0.022819717,0.024068465,0.023358836,0.025814564,0.02331711,0.024062852,0.02483946,0.025081161,0.023305261,0.023418189,0.023928065,0.024904844,0.024179682,0.023696865,0.023829782,1
tr|Q8Y862_p|Q8Y862_LISMO,12.67093485,3.95966714,5.015578377,5.279556186,0.527955619,1.847844665,11.3510458,13.99082389,2.111822475,8.975245517,10.03115675,8.975245517,2.111822475,3.69568933,4.751600568,5.543533996,7.91933428,0.263977809,2.903755903,11.3510458,0.024645009,0.025646931,0.025140466,0.024678556,0.024354333,0.026428355,0.024336482,0.024263196,0.02490677,0.025219686,0.024739191,0.023910457,0.024521818,0.024826092,0.023607205,0.02284783,0.024173386,0.024824999,0.025551528,0.023634306,0.025666983,0.025791353,0.024627869,0.023486186,0.023346449,0.024197484,0.023978923,0.024540758,0.024141119,0.02398847,1
sp|P99084_p|DLDH_STAAN,13.90124567,2.725734445,5.45146889,5.45146889,0.817720334,3.543454779,11.72065811,14.17381911,1.908014112,9.267497113,9.812644002,9.267497113,2.725734445,4.088601668,4.088601668,6.269189224,7.359483002,0,3.270881334,11.72065811,0.025621667,0.025783512,0.024444982,0.024268336,0.024333013,0.024911549,0.023162115,0.023096271,0.024480496,0.025795805,0.02496472,0.023404903,0.024430766,0.024143463,0.023182405,0.023819977,0.024019508,0.023736032,0.025776307,0.02264879,0.024974088,0.024872638,0.023803624,0.02354001,0.023809384,0.02528477,0.023947207,0.023841002,0.023884902,0.023444313,1
tr|Q92BE5_p|Q92BE5_LISIN,14.4906255,5.366898332,6.708622915,8.318692414,0.536689833,5.366898332,12.61221108,13.68559075,2.951794082,13.14890091,11.2704865,11.80717633,3.756828832,3.220138999,5.098553415,7.782002581,11.00214158,0.268344917,1.878414416,17.71076449,0.024871771,0.026519904,0.023858785,0.024520941,0.0253699,0.024601494,0.023084799,0.024811538,0.025323371,0.022450245,0.024314764,0.024914039,0.025023871,0.024303983,0.023337974,0.025351041,0.02254532,0.023139182,0.025201908,0.024277505,0.024142683,0.023336351,0.024556244,0.024359865,0.023882352,0.025901516,0.023778916,0.024677518,0.024629598,0.024567707,1
sp|Q7A559_p|KPYK_STAAN,12.71221165,6.620943569,8.739645511,8.739645511,1.059350971,3.442890656,13.50672488,12.18253617,2.118701942,14.56607585,11.1231852,11.38802294,3.972566141,2.118701942,5.296754855,9.004483254,10.32867197,0.264837743,2.118701942,15.62542682,0.025239094,0.026305921,0.022574307,0.024155124,0.02551349,0.025059787,0.023394055,0.024733789,0.025973605,0.023202383,0.025552266,0.02440572,0.024716331,0.024933445,0.023406076,0.024572109,0.023256212,0.024604005,0.023429464,0.02379107,0.02548881,0.024109677,0.023693207,0.02420095,0.02428354,0.024840369,0.024398813,0.025473177,0.025208232,0.024647229,1
tr|Q99ZD1_p|Q99ZD1_STRP1,12.71270263,6.979523012,5.733179617,9.222941123,0.249268679,3.739030185,9.97074716,9.721478481,1.246343395,10.7185532,6.730254333,7.727329049,3.739030185,4.736104901,3.489761506,4.486836222,9.222941123,0.498537358,1.495612074,12.21416527,0.026630007,0.026118207,0.024479327,0.024395798,0.026526382,0.024525134,0.024592406,0.025523753,0.024613771,0.02517882,0.025390578,0.024745737,0.025111313,0.025143281,0.024294926,0.026073363,0.026366988,0.024344182,0.024244083,0.025671326,0.023871371,0.023077223,0.025348258,0.025788963,0.023696391,0.025609976,0.02532613,0.023477687,0.024980143,0.025585795,1
sp|Q81ZF8_p|ROCA_BACAN,14.44397201,5.976816005,5.229714004,7.221986005,0.996136001,2.490340002,10.21039401,10.95749601,2.241306002,7.720054006,7.969088006,8.467156006,3.486476003,6.225850005,5.478748004,6.474884005,6.225850005,1.245170001,3.735510003,11.45556401,0.024021001,0.025871495,0.02521666,0.025030693,0.025424768,0.024792779,0.02527676,0.025709056,0.026723833,0.02512518,0.02497222,0.023959374,0.024157899,0.02445148,0.025131595,0.025460817,0.023661561,0.025067057,0.024336824,0.02506038,0.023486145,0.023892956,0.026412292,0.025335274,0.025083143,0.025467697,0.025728883,0.025263186,0.025550495,0.025294501,1
sp|Q65DW5_p|GLYA_BACLD,11.29690367,4.364712782,4.364712782,5.648451836,0.513495621,3.851217161,8.986173375,9.242921186,3.851217161,6.418695268,7.702434322,7.1889387,2.053982486,4.107964971,4.107964971,3.851217161,5.391704025,0,4.107964971,9.499668997,0.024221271,0.025523642,0.023391823,0.024811755,0.024408989,0.025416003,0.023844039,0.023966231,0.02319507,0.026524646,0.024340214,0.024507651,0.026139427,0.024684719,0.026294093,0.023693293,0.024958333,0.023710723,0.024378655,0.025437137,0.023446491,0.025266028,0.02502914,0.026332173,0.025884891,0.023434926,0.02532066,0.024099323,0.026281114,0.024709726,1
sp|Q8Y4B2_p|GLYA_LISMO,11.22430186,3.915454139,4.698544967,4.959575243,0.522060552,3.132363311,8.875029382,9.136059657,3.132363311,5.74266607,9.919150485,6.786787174,2.610302759,3.915454139,4.437514691,3.915454139,6.264726622,0.261030276,4.176484415,10.18018076,0.024886721,0.025996534,0.024150965,0.023758649,0.024473603,0.025181272,0.024621018,0.024320191,0.022980793,0.026161578,0.02454918,0.024288437,0.024591753,0.02541802,0.024490895,0.022724487,0.023654277,0.024094806,0.024991415,0.024935511,0.02368931,0.025035057,0.024950575,0.025686666,0.025753361,0.023887686,0.024496996,0.023927068,0.025132277,0.026140623,1
tr|Q65J79_p|Q65J79_BACLD,8.512548664,5.257750645,5.508119724,7.761441429,1.251845392,2.503690784,10.01476313,6.759965115,2.503690784,6.759965115,9.764394056,7.010334194,3.00442894,6.759965115,6.00885788,5.007381567,5.007381567,1.001476313,3.505167097,7.260703272,0.026753302,0.025809137,0.025372766,0.025476675,0.024813532,0.027510783,0.024697474,0.02408081,0.023815767,0.025123754,0.023392568,0.025304313,0.025826688,0.024008996,0.026500886,0.027033043,0.023470476,0.024223368,0.023312129,0.025728457,0.024656848,0.024622758,0.024859999,0.024313152,0.025314041,0.024302882,0.025620443,0.022921258,0.025213834,0.025550784,1
tr|Q92C54_p|Q92C54_LISIN,7.386425039,5.662925863,4.431855024,6.893996703,1.23107084,1.477285008,11.32585173,7.386425039,2.954570016,7.140210871,10.34099506,6.401568367,3.446998352,7.386425039,6.155354199,4.92428336,5.416711696,0.984856672,3.200784184,5.170497528,0.026281519,0.026150867,0.025347398,0.026649681,0.024726115,0.027447578,0.0249643,0.023936409,0.024403019,0.025865495,0.023274408,0.02577008,0.02523831,0.024553118,0.026688861,0.027284698,0.024146519,0.025000531,0.023245588,0.025825054,0.023296244,0.025405291,0.024737139,0.025415569,0.024824301,0.022670356,0.02554324,0.024062157,0.025810238,0.02522175,1
sp|P0C0B4_p|ARCA_STRP1,6.972813568,5.478639232,4.98058112,6.2257264,0.498058112,1.992232448,10.45922035,7.221842624,2.49029056,7.47087168,10.95727846,5.976697344,2.739319616,4.233493952,4.233493952,3.984464896,5.976697344,0.249029056,3.486406784,6.723784512,0.024773767,0.026359108,0.026666593,0.026169396,0.024553536,0.025062696,0.02571188,0.024611022,0.02498966,0.024407719,0.025079293,0.026643354,0.026276422,0.023946501,0.023233899,0.024974474,0.025155867,0.024093141,0.025372066,0.02554062,0.02465696,0.022776839,0.025634146,0.025943913,0.023800052,0.024140867,0.024541038,0.025471624,0.02556614,0.024818351,1
sp|O86132_p|OTCC_BACLD,5.769426264,3.260980062,3.010135442,6.271115504,1.003378481,2.508446202,7.023649365,6.521960124,3.010135442,4.264358543,8.027027845,7.274493985,2.759290822,3.511824682,2.006756961,3.511824682,5.267737023,0.75253386,2.257601581,6.020270884,0.026130532,0.02611011,0.02508634,0.026081967,0.023362562,0.022907711,0.024796899,0.025463612,0.02686765,0.025995789,0.025097466,0.023250445,0.024401298,0.024682702,0.025361259,0.025162213,0.026117689,0.02444465,0.024135226,0.025056899,0.023547266,0.025071956,0.027113178,0.023584761,0.024456753,0.025448491,0.023348301,0.025597865,0.024942957,0.025530835,1
sp|P0C0D0_p|OTCC_STRP1,7.213636991,3.482445444,3.233699341,5.223668166,0.497492206,2.238714928,7.9598753,6.218652578,2.487461031,3.233699341,8.457367507,5.969906475,2.238714928,4.974922063,2.238714928,2.736207135,5.472414269,0.746238309,2.487461031,6.716144785,0.025387359,0.027009137,0.026101193,0.024067893,0.022565842,0.024269076,0.025039937,0.026524269,0.026201122,0.025424013,0.02676358,0.023579484,0.025328258,0.024699883,0.025691269,0.024872327,0.02579991,0.025470046,0.023940233,0.024200723,0.02528525,0.023798711,0.025485738,0.023518393,0.024922668,0.025902981,0.024151668,0.026152851,0.02355824,0.025541844,1
tr|Q8Y9G8_p|Q8Y9G8_LISMO,12.13062388,4.387672466,5.161967607,5.161967607,1.032393521,4.387672466,8.775344932,12.90491902,2.064787043,8.001049791,6.710557889,7.22675465,2.322885423,4.645770846,4.387672466,7.48485303,6.710557889,0.774295141,4.645770846,9.291541693,0.025270707,0.025168784,0.023958686,0.023126291,0.025199073,0.023903137,0.023051583,0.024099949,0.026167618,0.02571253,0.023572193,0.023802088,0.025374817,0.024594208,0.025864601,0.025227564,0.023267236,0.02539412,0.026594225,0.025809369,0.024238635,0.024307108,0.025245549,0.023835389,0.02471909,0.024791554,0.025845662,0.025729019,0.023033849,0.024996985,1
sp|Q7A6H8_p|DHE2_STAAN,8.63742956,5.676025139,4.935674034,6.663159946,0.740351105,3.208188122,7.15672735,9.377780665,1.727485912,7.897078455,7.897078455,5.182457736,2.961404421,3.701755526,3.948539227,4.935674034,5.429241438,1.233918509,3.454971824,7.403511051,0.024879767,0.025315042,0.026447606,0.02311812,0.02555857,0.025247965,0.024940184,0.024838551,0.026130896,0.026868439,0.025067694,0.024810651,0.026011221,0.024779876,0.026780082,0.024017604,0.023967526,0.023731662,0.026237679,0.023900097,0.024177002,0.024596524,0.025550247,0.024032149,0.025669202,0.024691927,0.026178605,0.024449789,0.024540398,0.02668122,1
tr|Q8DQX6_p|Q8DQX6_STRR6,9.520899832,5.010999911,6.013199894,7.265949872,0.751649987,1.252749978,9.520899832,8.017599858,2.505499956,6.514299885,9.520899832,6.263749889,4.008799929,5.762649898,5.762649898,4.760449916,6.013199894,1.252749978,4.760449916,7.767049863,0.026133392,0.025393969,0.025197798,0.025404756,0.024896303,0.027036655,0.025091283,0.02565357,0.024056076,0.025219911,0.023369138,0.024067564,0.026164116,0.024860821,0.026321573,0.026367452,0.022926729,0.023880349,0.02336574,0.02519442,0.024878334,0.024399961,0.02554298,0.02356917,0.024961329,0.024692551,0.026228616,0.02361891,0.025754162,0.025202378,1
tr|A0A0H2UQJ7_p|A0A0H2UQJ7_STRPN,10.78137838,4.763864865,6.268243243,5.014594594,0.752189189,4.011675676,8.77554054,12.28575676,1.253648649,6.518972973,7.772621621,6.769702702,2.005837838,5.265324324,3.760945946,5.265324324,6.268243243,0.752189189,5.014594594,9.02627027,0.025716846,0.025281591,0.025230829,0.023361593,0.025000023,0.023802417,0.024236182,0.024687239,0.026187042,0.025301234,0.022658257,0.024614084,0.025003404,0.025378359,0.025487537,0.026124725,0.023521974,0.025890304,0.0258972,0.026714554,0.024564239,0.024282868,0.0255981,0.024988301,0.024193048,0.02572206,0.025923182,0.024770204,0.023286195,0.025846681,1
tr|Q81VX2_p|Q81VX2_BACAN,7.45525648,2.827855906,1.799544668,2.827855906,0,2.827855906,7.45525648,8.740645528,0.771233429,7.19817867,6.169867432,5.912789622,2.056622477,1.799544668,4.113244954,4.113244954,4.113244954,0,2.827855906,5.912789622,0.023975012,0.026333334,0.023194752,0.023081349,0.025201674,0.02531598,0.023546736,0.023465299,0.024505708,0.026599025,0.023128231,0.024318384,0.024704847,0.025795029,0.024790108,0.024257888,0.025213959,0.024886558,0.025510106,0.02497761,0.024466931,0.027642817,0.025098322,0.024143314,0.025186954,0.024202432,0.023208506,0.025790228,0.025101462,0.025279637,1
tr|Q8YAC3_p|Q8YAC3_LISMO,9.606579734,1.64684224,3.29368448,3.842631893,0,1.64684224,6.58736896,9.606579734,1.097894827,5.76394784,7.136316374,6.861842667,1.64684224,2.195789653,5.215000427,4.666053013,4.94052672,0,2.47026336,6.312895254,0.022502576,0.025706769,0.023639564,0.023185371,0.024613188,0.025015098,0.024309105,0.022391419,0.024154315,0.026469766,0.022978662,0.022425363,0.023235981,0.02436823,0.024627933,0.023208055,0.024723131,0.025025093,0.026086221,0.025284949,0.023418209,0.026244528,0.024604507,0.023942755,0.023400737,0.023351441,0.023413803,0.024082007,0.023869884,0.025247633,1
tr|Q65CX6_p|Q65CX6_BACLD,12.39882092,2.479764183,3.581881598,5.510587074,0,3.306352245,5.786116428,11.02117415,1.377646769,7.43929255,8.541409965,7.43929255,2.755293537,1.653176122,4.132940306,4.959528367,6.337175136,0.275529354,3.030822891,11.57223286,0.023588626,0.025642619,0.024201165,0.023329676,0.023078285,0.024861393,0.024518643,0.024586762,0.025095876,0.024810078,0.024094606,0.025298055,0.023953063,0.022622784,0.023983199,0.024925831,0.02299813,0.023285009,0.024187129,0.023388468,0.023071562,0.025078962,0.024138816,0.023724876,0.023317359,0.024315944,0.025645305,0.023968313,0.023887234,0.024872876,1
tr|Q81KW3_p|Q81KW3_BACAN,12.15389636,2.762249173,4.972048512,4.419598677,0.276224917,3.867148843,7.734297685,10.22032194,1.933574421,6.629398016,9.391647189,6.353173099,2.762249173,2.209799339,4.695823595,3.590923925,6.629398016,0.276224917,3.314699008,9.944097024,0.023960071,0.025515052,0.024054433,0.023814826,0.024373578,0.023812095,0.024532312,0.024948746,0.025942306,0.024004487,0.023816729,0.023896199,0.024463739,0.022880564,0.023618113,0.02386363,0.023711548,0.021480023,0.024908374,0.024705083,0.024169792,0.025704468,0.023394897,0.023148467,0.023415987,0.023402815,0.025106154,0.024453232,0.024230026,0.024447337,1
sp|P99151_p|DHA1_STAAN,9.036559628,1.916845982,4.655197384,4.655197384,0.54767028,4.381362244,9.036559628,9.310394768,2.190681122,9.858065049,6.572043366,7.941219067,2.464516262,1.369175701,3.559856823,5.202867665,5.750537945,0.54767028,3.559856823,9.310394768,0.023473977,0.026099421,0.024154242,0.023491969,0.024814898,0.024584065,0.024243472,0.024206171,0.025822135,0.024267695,0.023567138,0.02278847,0.02505085,0.023683631,0.024599125,0.024673624,0.023938869,0.024410239,0.024528874,0.02420704,0.025312009,0.02501847,0.023790297,0.023026931,0.023186512,0.022647679,0.026252938,0.024277744,0.022727106,0.023319271,1
tr|Q81M66_p|Q81M66_BACAN,10.91283786,4.712361805,3.968304678,5.952457017,0.992076169,1.736133297,7.440571271,8.43264744,1.984152339,7.936609355,5.704437974,5.20839989,1.736133297,1.736133297,2.232171381,3.720285635,4.960380847,0.248019042,4.712361805,6.448495101,0.024070771,0.026807461,0.024892219,0.025406894,0.02460393,0.025275578,0.024694719,0.022547411,0.026383095,0.026866702,0.025432027,0.024421202,0.023681871,0.02590892,0.024816289,0.023843761,0.025117404,0.025374057,0.026361866,0.026294135,0.023597553,0.023605389,0.024157311,0.025450514,0.026816985,0.026870557,0.026155011,0.024110376,0.023678272,0.024738677,1
sp|Q92F65_p|LDH1_LISIN,7.752819712,2.842700561,4.13483718,7.235965065,0.516854647,2.06741859,3.359555209,6.719110417,2.06741859,7.494392388,5.426973799,5.168546475,2.584273237,2.584273237,2.325845914,4.393264504,4.393264504,0.775281971,2.842700561,6.20225577,0.024397695,0.025393098,0.024836128,0.024022683,0.024618943,0.026132905,0.024440373,0.023618921,0.025911975,0.024913897,0.02305328,0.024275769,0.024474698,0.024514299,0.023736379,0.024260771,0.025357963,0.024845719,0.025114048,0.025476509,0.025062416,0.024493354,0.024589088,0.024132899,0.026467613,0.024122213,0.023678306,0.02469835,0.02555739,0.025374993,1
sp|P0A3M9_p|LDH_STRPN,11.20889598,2.135027805,3.736298658,4.803812561,0.266878476,4.536934085,6.138204939,6.67196189,1.868149329,6.405083414,6.938840366,5.604447988,0.800635427,3.469420183,2.935663232,5.070691036,3.736298658,0.800635427,2.40190628,8.006354268,0.02485132,0.025842219,0.024635665,0.02567205,0.023758357,0.024599067,0.024691269,0.024786583,0.025157901,0.024837134,0.023314816,0.023259412,0.023802004,0.024401059,0.024776503,0.024206163,0.024275933,0.025057994,0.024123961,0.023927072,0.02530937,0.023638289,0.023525182,0.023992164,0.025359774,0.022762866,0.024711422,0.02522159,0.024444212,0.024180172,1
sp|Q65GI7_p|ILVC_BACLD,9.146763048,2.794844265,3.048921016,4.065228021,0.508153503,4.319304773,8.384532794,8.384532794,2.286690762,3.557074519,6.351918783,7.114149037,1.778537259,4.065228021,2.540767513,2.540767513,3.048921016,0.508153503,2.540767513,9.908993302,0.024646161,0.026409741,0.025302744,0.023318691,0.026822655,0.026275364,0.025841107,0.02475424,0.024209419,0.023951358,0.024198328,0.024450912,0.024651672,0.025860645,0.025848411,0.02547695,0.026150521,0.026688938,0.024371732,0.023615672,0.023636573,0.025279759,0.023126497,0.024998066,0.022585254,0.024451185,0.024016607,0.025778125,0.024400763,0.024805159,1
tr|Q65I20_p|Q65I20_BACLD,2.893532059,0.964510686,1.205638358,1.205638358,0,0.482255343,2.170149044,1.687893701,0,1.446766029,1.446766029,2.893532059,0.241127672,0.964510686,0.964510686,1.205638358,0.964510686,0,0,1.446766029,0.026012805,0.02683808,0.018745133,0.023834361,0.026217401,0.022983262,0.024056287,0.024938231,0.027177449,0.026830845,0.024954976,0.024273778,0.027072882,0.024121456,0.023229597,0.026698207,0.023934507,0.023230798,0.024349804,0.0275306,0.023130892,0.022599354,0.030534213,0.025196749,0.022907051,0.028289112,0.026293398,0.025476929,0.026454112,0.03096006,1
tr|Q92A74_p|Q92A74_LISMO,3.074498753,1.182499521,0.945999616,0.945999616,0,0.472999808,2.128499137,1.182499521,0,0.945999616,1.418999425,3.074498753,0.236499904,0.945999616,0.945999616,1.182499521,0.945999616,0,0,1.891999233,0.02718891,0.025740419,0.018923315,0.0238951,0.025746901,0.02383503,0.024490055,0.023915225,0.028364415,0.025569391,0.024101243,0.026205469,0.024846316,0.02675027,0.021994733,0.026713325,0.025771338,0.025781649,0.028311216,0.025276581,0.022972048,0.025465028,0.026508711,0.027558917,0.024403109,0.025512548,0.028939641,0.023877701,0.024420668,0.030420824,1
tr|Q65HV8_p|Q65HV8_BACLD,2.846554983,0.284655498,1.423277492,1.423277492,0.569310997,1.70793299,3.131210481,6.547076461,2.277243986,1.423277492,1.992588488,3.131210481,1.138621993,2.561899485,2.277243986,1.70793299,2.846554983,0,1.138621993,2.846554983,0.025667258,0.024365774,0.022345572,0.025435765,0.024272983,0.023174888,0.024202798,0.024679907,0.023192214,0.023611372,0.022874741,0.023239451,0.024583842,0.020203845,0.023721763,0.026313806,0.025452042,0.024839192,0.022639354,0.024396856,0.024478857,0.02377756,0.024471792,0.024511231,0.023563415,0.023129856,0.023495753,0.022954062,0.022137039,0.023611514,1
sp|Q65GJ3_p|TIG_BACLD,9.332185664,3.02665481,3.531097278,8.071079493,0,4.287760981,18.15992886,7.062194556,0.504442468,4.035539747,9.332185664,11.0977343,2.522212342,4.539982215,3.278876044,2.522212342,3.783318512,0.252221234,1.765548639,9.836628132,0.02739575,0.025564826,0.025906541,0.022821439,0.02533941,0.02566918,0.025187168,0.02305242,0.025906378,0.024345694,0.025635744,0.024632704,0.024828199,0.023161122,0.025812605,0.025356003,0.026461266,0.023307592,0.025953997,0.024139965,0.024053889,0.025916264,0.026131206,0.025041816,0.025398602,0.024246397,0.024777511,0.022262837,0.025301261,0.024170979,1
sp|Q81LB8_p|TIG_BACAN,11.42329383,3.046211688,4.061615584,6.600125324,0,3.046211688,17.00801526,6.853976298,1.26925487,6.092423376,8.377082142,9.900187986,2.284658766,4.569317532,3.300062662,2.53850974,5.07701948,0.253850974,2.030807792,10.15403896,0.027974977,0.025001973,0.025295086,0.022643388,0.024827291,0.026147913,0.024646183,0.023668261,0.02415954,0.026365165,0.025412678,0.024160458,0.025075348,0.023312881,0.026585035,0.024625497,0.0258618,0.023948737,0.026987657,0.024012049,0.024038229,0.025387233,0.025239443,0.025657529,0.024817213,0.024460841,0.025312549,0.021811278,0.025081215,0.023631579,1
sp|P0C0E1_p|TIG_STRP1,11.29894547,2.627661737,4.729791126,9.722348425,0,4.204258778,13.9266072,6.569154341,1.313830868,6.043621994,7.88298521,9.196816078,2.89042791,4.204258778,3.415960257,4.992557299,5.78085582,0.262766174,2.364895563,10.77341312,0.026249621,0.025680484,0.025894474,0.022435418,0.024115704,0.025913614,0.025620724,0.023101649,0.024223896,0.023620281,0.025443643,0.022552931,0.02466425,0.02449387,0.023860024,0.024680721,0.02453391,0.023538684,0.026275892,0.024216443,0.025885752,0.024105083,0.023766926,0.026199257,0.024452206,0.022897943,0.025764902,0.023853496,0.024462082,0.024729945,1
sp|Q8Y421_p|EFG_LISMO,15.62867954,9.42682258,5.953782682,11.16334253,0.744222835,6.201856961,16.86905093,15.62867954,3.721114176,10.66719397,11.65949109,8.682599745,5.705708404,5.953782682,7.194154074,6.449931239,9.922971137,0.992297114,5.953782682,13.89215959,0.026139782,0.025661328,0.024721676,0.023634037,0.024835661,0.026156104,0.024664242,0.025653236,0.025129918,0.026313862,0.02472857,0.025536999,0.02504521,0.02453834,0.024893504,0.025567937,0.024037234,0.025098378,0.024709176,0.024406536,0.025971888,0.024896407,0.024994057,0.024935525,0.024415059,0.025762585,0.025316131,0.024683215,0.02552275,0.023956376,1
sp|P68789_p|EFG_STAAN,15.13744966,7.953575245,5.387905811,11.54551245,1.282834717,5.644472754,17.95968604,14.11118189,4.105071094,11.28894551,11.03237857,10.26267774,6.670740528,5.901039698,6.927307471,9.749543848,12.05864634,0.76970083,6.157606641,13.85461494,0.026176351,0.02510503,0.024702502,0.02345289,0.025207742,0.0259606,0.024730436,0.025035744,0.024373896,0.025785633,0.024261999,0.025068527,0.02402767,0.024697173,0.025003228,0.024681584,0.024797307,0.02486606,0.02435154,0.024175561,0.024700213,0.02474036,0.024654534,0.024547579,0.024029987,0.025129802,0.025292037,0.024113337,0.025960114,0.023803619,1
sp|P64022_p|EFG_STRPN,14.65417007,8.843033665,5.558478304,11.11695661,0.252658105,6.821768827,16.92809302,13.64353765,3.284555361,12.38024713,11.62227282,9.853666084,6.063794513,6.821768827,7.074426932,9.09569177,11.36961471,1.010632419,4.80050399,13.89619576,0.026161352,0.025229823,0.025140917,0.023480538,0.025079051,0.026057473,0.025136435,0.025703186,0.024643568,0.026533809,0.025101421,0.025369741,0.024463501,0.024278504,0.024605432,0.024689783,0.02381733,0.024965442,0.02454466,0.02474228,0.025888114,0.025383546,0.024929285,0.024536185,0.023825263,0.024534062,0.024989265,0.024704597,0.025475564,0.023331768,1
sp|Q81WK9_p|EFTS_BACAN,8.957876621,2.985958874,3.732448592,3.732448592,0.497659812,2.239469155,8.957876621,5.971917747,1.244149531,4.230108404,5.474257935,7.216067278,2.985958874,2.985958874,0.995319625,1.244149531,3.981278498,0,0.746489718,5.225428029,0.025079546,0.02818252,0.025715649,0.023870545,0.0249688,0.026529588,0.026165126,0.026043259,0.025681131,0.025339965,0.022636365,0.024244259,0.025393422,0.026818443,0.02248778,0.025204263,0.024671436,0.024987953,0.025131002,0.025263385,0.0257379,0.023954711,0.025012637,0.025894044,0.026134527,0.022490094,0.02238639,0.026730014,0.024941717,0.023473625,1
sp|Q8Y6M7_p|EFTS_LISMO,6.712737334,2.581822052,3.614550872,4.389097488,0.258182205,2.840004257,9.036377181,4.647279693,1.290911026,4.647279693,4.647279693,7.745466155,2.840004257,2.065457641,1.549093231,3.614550872,4.130915283,0,1.549093231,7.745466155,0.025067357,0.027244969,0.02593371,0.023840867,0.025582885,0.025104238,0.025383452,0.02473578,0.025172089,0.026186838,0.021434254,0.02390496,0.02571425,0.02636511,0.023810791,0.02512559,0.023306632,0.024926198,0.022362941,0.026415032,0.025442439,0.0234213,0.025198325,0.025794706,0.025175221,0.022991612,0.02297173,0.026000474,0.024904675,0.022299371,1
sp|P99171_p|EFTS_STAAN,7.122122525,3.683856479,2.947085183,4.666218206,0.491180864,1.964723455,9.086845981,5.15739907,0.982361728,4.420627774,4.420627774,7.367712957,2.210313887,1.964723455,0.982361728,2.210313887,4.175037342,0,1.22795216,6.876532093,0.026274382,0.027394674,0.026636753,0.022741005,0.025706491,0.026791222,0.026639506,0.025608274,0.02612337,0.025469587,0.022249617,0.024024435,0.026244792,0.025991653,0.023820987,0.024815183,0.024639898,0.025508478,0.025332087,0.025606791,0.025137751,0.023075123,0.025815876,0.026301305,0.026212085,0.021977838,0.023228228,0.026351559,0.024752352,0.023938265,1
sp|Q99XQ7_p|EFTS_STRP1,15.29674318,2.333401502,3.889002504,6.48167084,0,2.333401502,8.296538675,5.444603506,1.296334168,4.666803005,6.740937674,8.037271842,3.111202003,2.85193517,1.814867835,3.111202003,3.889002504,0.259266834,2.074134669,7.778005008,0.026058497,0.025368313,0.025768107,0.023916666,0.025604722,0.024648707,0.025116262,0.024169284,0.025958598,0.023524066,0.024297804,0.022959856,0.024902099,0.02652939,0.024432197,0.023580958,0.025360815,0.024361169,0.026084625,0.024163615,0.024178329,0.023016294,0.025612138,0.025295482,0.025180466,0.021921553,0.024773011,0.025431875,0.02526193,0.023256339,1
sp|P0C0H3_p|DBH_STRP1,4.48910039,0.945073766,0.708805325,0.945073766,0,0.708805325,2.126415974,1.41761065,0,1.181342208,1.181342208,2.598952857,0.236268442,1.181342208,0.472536883,0.708805325,0.945073766,0,0,1.653879091,0.025840768,0.025572019,0.021088185,0.02554371,0.025828353,0.022762907,0.022590874,0.02604643,0.026744463,0.023137221,0.026961501,0.023958958,0.026504066,0.026340677,0.021090831,0.026261043,0.02525267,0.026062807,0.027624291,0.026015747,0.021913692,0.021973295,0.028553308,0.027902945,0.024895775,0.027731216,0.029581875,0.024946512,0.023309649,0.031695771,1
sp|P69952_p|EFTU_STRP1,6.374949427,5.864953473,3.059975725,7.649939313,0,2.549979771,9.179927175,8.669931221,3.059975725,8.414933244,6.884945382,4.844961565,2.804977748,2.804977748,5.099959542,4.589963588,7.90493729,0,2.549979771,9.179927175,0.02435714,0.024629945,0.0256623,0.024721913,0.025591494,0.025290436,0.02466121,0.025591815,0.02551592,0.026072375,0.023498431,0.024313447,0.024814787,0.025491036,0.023448022,0.025605699,0.024632785,0.024426047,0.024464152,0.023291746,0.024621022,0.0239417,0.026163379,0.024445226,0.025006765,0.025171714,0.024595363,0.025295499,0.025537075,0.024143579,1
sp|Q65MZ9_p|CH10_BACLD,1.679903825,1.199931303,0,1.199931303,0,0.239986261,2.879835128,2.399862607,0,1.679903825,2.159876346,1.919890085,0.239986261,0.239986261,0.719958782,1.679903825,0.959945043,0,0.719958782,2.639848867,0.024192037,0.027889594,0.026067963,0.025097605,0.026358219,0.028640973,0.026738869,0.027285765,0.026614995,0.022346382,0.024361213,0.026876451,0.02297889,0.024311236,0.024869735,0.022098549,0.02298472,0.024528217,0.025882355,0.025152421,0.025298413,0.027576152,0.025619008,0.023406439,0.025850957,0.025426539,0.024834562,0.024317212,0.025750708,0.026657558,1
sp|Q9AGE7_p|CH10_LISMO,1.829365918,0.784013965,0.261337988,1.56802793,0,0.261337988,2.874717872,2.352041895,0,1.829365918,2.352041895,2.090703907,0.261337988,0.261337988,1.045351953,1.56802793,1.829365918,0,0.784013965,2.613379883,0.023995797,0.027979182,0.025134232,0.026270427,0.026343713,0.028887066,0.02549562,0.022231764,0.024789596,0.02621636,0.023212657,0.026579109,0.023851902,0.023259922,0.022656989,0.020310995,0.023369512,0.023426976,0.02318814,0.023987447,0.025906579,0.026592153,0.024255465,0.022275974,0.024351358,0.02205136,0.0242815,0.024910105,0.027033361,0.025816752,1
sp|P63770_p|CH10_STRP1,1.057311116,1.321638894,0.264327779,2.114622231,0,0.528655558,2.37895001,2.114622231,0.528655558,1.585966673,1.850294452,1.585966673,0.264327779,0.528655558,0.528655558,1.850294452,2.37895001,0,0,4.493572241,0.021853579,0.026611974,0.026943335,0.025111803,0.024576742,0.02780343,0.028581511,0.025004006,0.024131453,0.025745181,0.027010326,0.025269984,0.025653552,0.02567313,0.021079458,0.02053368,0.020165769,0.019903324,0.022901003,0.024256404,0.024967756,0.027672841,0.023316182,0.023060812,0.026406631,0.025155572,0.024526137,0.020836668,0.024425842,0.026494135,1
sp|P99083_p|CH60_STAAN,15.78187838,5.617278747,8.024683924,9.094641781,0,5.884768211,14.1769416,11.76953642,0.534978928,9.094641781,11.50204696,8.827152317,4.54732089,2.407405177,4.012341962,6.419747139,9.094641781,0.267489464,1.604936785,15.24689946,0.024262502,0.025638679,0.024240697,0.023289505,0.02486989,0.025168777,0.022392103,0.02485818,0.025212333,0.027744917,0.024138262,0.024039832,0.025991787,0.02523803,0.025266386,0.022753232,0.023657733,0.024102389,0.024842254,0.024802893,0.024631347,0.025165952,0.023551547,0.02323306,0.024816123,0.024352052,0.025298334,0.02248484,0.023606372,0.02286053,1
sp|P69883_p|CH60_STRP1,18.7429331,5.890636116,5.622879929,8.568197987,0,2.945318058,12.58454079,12.85229698,0.535512374,10.97800367,12.31678461,9.103710361,4.551855181,2.677561871,5.087367555,6.158392303,11.78127223,0.267756187,1.071024748,13.65556554,0.02450271,0.026623289,0.024583703,0.02397304,0.024105257,0.024968826,0.02342195,0.024175269,0.02529925,0.026125775,0.02404674,0.024485441,0.024399707,0.024213184,0.024826968,0.023559777,0.023542903,0.023403287,0.02488166,0.025711921,0.025235809,0.024643225,0.023697128,0.023071875,0.024841924,0.024667693,0.02447796,0.023688975,0.023813804,0.023254761,1
tr|Q8Y4I1_p|Q8Y4I1_LISMO,8.883726819,2.961242273,3.768853802,6.191688389,0.807611529,2.69203843,5.922484546,7.806911447,1.615223058,4.307261488,6.999299918,6.460892232,2.153630744,3.499649959,2.961242273,2.69203843,8.883726819,0.538407686,1.884426901,9.422134505,0.027430987,0.026094674,0.02512748,0.023766208,0.025303909,0.025792044,0.022564224,0.025441456,0.025329159,0.023977524,0.02241987,0.025189075,0.024721611,0.023777559,0.025924289,0.025768984,0.022685236,0.023895416,0.025054029,0.023721307,0.024384546,0.023632484,0.024935194,0.022658645,0.020596237,0.02602959,0.023105174,0.024133474,0.021976977,0.02535879,1
sp|P99110_p|DNAK_STAAN,12.87592644,5.633217817,7.779205556,14.21716878,0.268248467,8.852199426,15.55841111,12.3394295,0.804745402,10.99818717,12.3394295,14.48541724,2.682484675,3.487230077,5.364969349,9.388696361,10.7299387,0,2.14598774,13.68067184,0.023636321,0.025142952,0.02467869,0.023592069,0.023640863,0.025680895,0.023489331,0.022962518,0.024464229,0.025070166,0.02478593,0.023411707,0.025259354,0.02403695,0.024141772,0.024726184,0.024705,0.024858761,0.023135303,0.024480737,0.023808949,0.023800806,0.023792022,0.024351703,0.025785062,0.025198079,0.025396095,0.025201314,0.024423362,0.024094408,1
sp|Q81JK8_p|SODM2_BACAN,2.384545546,1.589697031,4.504141587,2.914444556,0.52989901,2.119596041,4.239192082,3.444343567,2.649495051,2.119596041,6.093838618,2.914444556,0.794848515,1.589697031,2.384545546,3.974242577,2.384545546,1.589697031,3.444343567,3.444343567,0.025072212,0.026027833,0.02378429,0.023725752,0.024628291,0.026649479,0.022936372,0.025568284,0.026732183,0.02394242,0.025569924,0.026419336,0.025070083,0.025354003,0.026070571,0.024683435,0.024767048,0.022989301,0.023561218,0.023655811,0.02467597,0.024772416,0.021819014,0.024319707,0.023822248,0.023632624,0.024329616,0.02301981,0.023472786,0.023978459,1
sp|P28764_p|SODM_LISMO,5.390612655,1.540175044,3.850437611,2.823654248,0,0.513391681,4.620525133,3.850437611,2.053566726,1.796870885,4.107133452,3.337045929,0.513391681,2.566958407,2.566958407,2.566958407,3.337045929,1.540175044,2.053566726,2.823654248,0.025600302,0.024513258,0.023964437,0.02349826,0.025636441,0.025149585,0.022672959,0.026229809,0.024764322,0.024112226,0.025857632,0.024840694,0.026193295,0.024141209,0.026388573,0.024641616,0.025014931,0.024044389,0.024524617,0.024963522,0.025139787,0.024826528,0.025749259,0.025029607,0.023758224,0.022714131,0.02500481,0.024423947,0.023628267,0.026277521,1
sp|P99098_p|SODM1_STAAN,4.102857276,1.025714319,4.102857276,2.564285797,0,1.282142899,5.385000174,3.077142957,2.051428638,2.051428638,4.615714435,3.846428696,0.512857159,2.051428638,2.307857218,2.051428638,2.820714377,1.795000058,1.795000058,3.590000116,0.024873274,0.025510876,0.023829916,0.023856255,0.02477406,0.026002988,0.023776045,0.025912725,0.023749122,0.02492919,0.026356803,0.024616131,0.025855851,0.025214531,0.026043225,0.026204014,0.024187247,0.0241768,0.024803165,0.024492909,0.024185588,0.023160722,0.024853765,0.02444647,0.022522226,0.024874127,0.026569956,0.022827312,0.023809772,0.027156356,1
sp|P0A355_p|CSPA_LISMO,1.439521626,0.479840542,0.719760813,1.199601355,0,1.439521626,1.679441897,2.159282439,0.239920271,0.479840542,0.239920271,0.959681084,0.239920271,1.679441897,0.239920271,0.479840542,0.479840542,0.239920271,0,1.439521626,0.026431822,0.0274139,0.022764869,0.029637685,0.027883525,0.027564559,0.026740927,0.027572109,0.022718683,0.025604502,0.024465897,0.022942286,0.026264894,0.023109986,0.028513548,0.027050127,0.021964852,0.024904327,0.02177151,0.024435433,0.022758818,0.021303393,0.023283297,0.028055645,0.027432818,0.024171369,0.030436067,0.027111759,0.022525252,0.023245872,1
tr|Q81L72_p|Q81L72_BACAN,9.132446526,2.870197479,2.348343392,5.740394959,0.782781131,1.304635218,6.262249046,8.610592438,1.043708174,5.740394959,7.045030177,6.262249046,0.782781131,2.870197479,2.087416349,5.740394959,3.913905654,0,2.348343392,9.915227656,0.025672264,0.026821584,0.023531737,0.025049496,0.024079206,0.026329815,0.02495503,0.024143913,0.024403024,0.022750384,0.025598296,0.024657849,0.024449032,0.02643498,0.023014859,0.023778332,0.025701466,0.025322019,0.023839579,0.024206175,0.02534732,0.024720193,0.021144959,0.025166406,0.024709108,0.024638784,0.023701445,0.024630312,0.025862775,0.024412614,1
tr|A0A0H2UNG6_p|A0A0H2UNG6_STRPN,11.54450115,5.019348328,5.019348328,8.783859574,0.752902249,4.266446079,8.281924741,9.536761823,2.007739331,9.03482699,9.536761823,7.027087659,2.509674164,4.517413495,4.517413495,7.278055075,5.270315744,1.254837082,6.023217993,6.776120242,0.023791248,0.026161259,0.024622677,0.023957589,0.02665623,0.02648982,0.024677132,0.026081877,0.024676765,0.026024584,0.024015622,0.024093363,0.024989178,0.024568298,0.025167863,0.025402199,0.026860729,0.024287712,0.022934465,0.025291982,0.025769164,0.023916619,0.024385516,0.02466986,0.02492455,0.023857097,0.02467176,0.0255243,0.025586066,0.024977062,1
tr|Q8DN84_p|Q8DN84_STRR6,7.09906256,1.638245206,2.457367809,6.826021693,3.003449545,1.365204339,6.552980825,8.737307767,3.276490413,8.737307767,7.645144296,7.645144296,1.092163471,2.730408677,4.095613016,4.641694751,6.00689909,0.546081735,3.276490413,8.737307767,0.026195101,0.025518495,0.022822783,0.024901126,0.023323883,0.025940912,0.023004045,0.023915963,0.024774836,0.024486402,0.024936768,0.023058465,0.023982844,0.025606012,0.024063164,0.024169647,0.025055689,0.024031027,0.024300702,0.024827477,0.024080915,0.025226133,0.024543988,0.022944093,0.022178217,0.026162232,0.022533207,0.023115086,0.023488798,0.023771123,1
sp|Q8RP81_p|ENO_STRAG,12.14896068,4.958759462,4.462883516,7.190201221,0.495875946,2.727317704,10.1654569,11.90102271,0.991751892,8.181953113,7.190201221,5.702573382,2.479379731,3.719069597,2.727317704,4.710821489,6.446387301,0.743813919,4.462883516,7.190201221,0.026436437,0.028457896,0.023607501,0.024358171,0.024963847,0.023529097,0.024890973,0.025490772,0.026653732,0.02604771,0.024179927,0.023655091,0.025890936,0.026166796,0.024714423,0.023992364,0.024869606,0.025007879,0.022455301,0.024781723,0.02603496,0.024039112,0.024596415,0.025732653,0.026508075,0.025508145,0.023487361,0.024149394,0.026754331,0.0251014,1
sp|A0R3B8_p|ENO_MYCS2,15.49544764,5.252694114,2.888981763,8.141675877,0,3.151616468,8.666945288,12.08119646,1.575808234,5.252694114,12.08119646,3.67688588,1.83844294,2.626347057,4.464789997,6.828502348,6.303232937,0.787904117,2.626347057,8.404310582,0.025453799,0.027069976,0.024814709,0.02314616,0.024689075,0.024084922,0.024039753,0.024835785,0.024921103,0.025913559,0.024388245,0.023690365,0.025975635,0.024138959,0.024239495,0.023341543,0.024893812,0.024659523,0.023085107,0.024362003,0.025874377,0.024899124,0.023108935,0.025728497,0.025446632,0.024436856,0.024315462,0.023750663,0.022749844,0.025311378,1
sp|Q88YH3_p|ENO1_LACPL,11.96975933,3.90318239,6.765516143,7.80636478,0.260212159,2.602121593,10.66869853,10.40848637,1.561272956,8.847213418,7.285940462,7.025728302,3.90318239,3.642970231,3.122545912,5.984879665,7.025728302,0.520424319,3.90318239,7.80636478,0.026169186,0.027166006,0.024008132,0.022956438,0.025045205,0.023291848,0.025454829,0.024225726,0.026151991,0.024683067,0.025088316,0.023648998,0.025660486,0.025639105,0.024043393,0.024186954,0.024492048,0.02444234,0.021587698,0.024402133,0.025515592,0.023896705,0.024439251,0.024719917,0.024236087,0.026428817,0.025067984,0.022609496,0.024773998,0.025756095,1
sp|P9WQA3_p|ALF_MYCTU,11.96727777,1.9038851,3.535786614,5.167688128,1.087934343,3.263803028,5.983638885,9.247441913,2.719835857,4.895704542,7.071573227,6.527606056,1.9038851,3.535786614,4.079753785,5.167688128,4.079753785,0.271983586,3.263803028,7.887523984,0.025432975,0.024564016,0.025671656,0.022532325,0.026623125,0.023241498,0.024445069,0.023673623,0.02299312,0.024664277,0.02406702,0.023377148,0.023867925,0.024813609,0.023200426,0.024325663,0.02593814,0.02248854,0.022772372,0.023885824,0.025118538,0.023918616,0.023773142,0.022606791,0.027317962,0.025431613,0.024873338,0.024856901,0.024713576,0.022827586,1
tr|A0QY23_p|A0QY23_MYCS2,8.591892366,2.684966364,2.416469728,5.638429365,0,4.295946183,5.369932729,5.906926002,1.073986546,4.564442819,8.054899093,4.832939456,2.416469728,2.147973091,2.953463001,6.712415911,4.027449546,0.268496636,1.610979819,6.175422638,0.023545221,0.025671658,0.024394905,0.024648501,0.025216998,0.025079654,0.025509174,0.02344557,0.023878071,0.022626094,0.024308029,0.024527109,0.025179814,0.024728956,0.023880187,0.024258895,0.023499104,0.025002075,0.024001423,0.024365458,0.024286188,0.025620345,0.022556487,0.023572484,0.02366033,0.026042317,0.024838279,0.025095186,0.022989458,0.025075396,1
tr|F9UTT2_p|F9UTT2_LACPL,8.045714926,1.340952488,4.022857463,4.291047961,0.536380995,1.877333483,6.168381443,7.777524429,2.14552398,6.168381443,4.827428956,5.632000448,2.681904975,1.877333483,2.413714478,3.218285971,3.754666966,0.804571493,2.413714478,6.972952936,0.026301466,0.026589333,0.023297501,0.024893932,0.023817302,0.026293286,0.023376637,0.023688817,0.024394746,0.024818839,0.025461923,0.022637073,0.025888029,0.024817689,0.022367591,0.021968981,0.024818342,0.024266771,0.026206259,0.025546213,0.021797801,0.026242618,0.024883205,0.022328542,0.022904866,0.025332912,0.024618353,0.023432187,0.023643344,0.025174945,1
tr|Q9CED4_p|Q9CED4_LACLA,10.16167315,1.604474708,4.01118677,4.278599221,1.069649805,1.337062257,7.220136186,7.754961089,2.674124513,6.150486381,6.150486381,5.615661478,2.406712062,3.208949416,2.674124513,2.941536965,2.406712062,0.534824903,1.604474708,5.883073929,0.026097912,0.02636739,0.025568883,0.023500996,0.024813431,0.025781972,0.022694025,0.024691892,0.024014135,0.026755288,0.023099142,0.023586125,0.025295506,0.024355057,0.023296621,0.022442806,0.025181353,0.024208245,0.024509068,0.026384978,0.024316383,0.024065022,0.023343385,0.025980135,0.023986386,0.023268166,0.024711197,0.024045602,0.023823818,0.02240263,1
sp|A0QWW2_p|G3P_MYCS2,10.85078829,2.712697072,4.611585023,8.138091217,0.542539414,1.898887951,3.526506194,8.138091217,1.356348536,6.781742681,9.494439754,6.510472974,0.813809122,1.356348536,3.526506194,4.88285473,6.239203267,0.813809122,2.441427365,7.595551803,0.027009639,0.025276991,0.024899703,0.023112269,0.02523327,0.02667017,0.023332058,0.02453572,0.025915545,0.022569677,0.022807481,0.025469067,0.024654302,0.024126016,0.02303374,0.025440114,0.022743315,0.023409668,0.025251508,0.024591233,0.023963563,0.025550786,0.025440178,0.023430363,0.02282988,0.025019122,0.02282103,0.023012827,0.02221027,0.024370787,1
tr|F9UM10_p|F9UM10_LACPL,9.004664787,3.274423559,5.184503968,6.821715747,1.09147452,2.455817669,4.093029448,8.186058897,1.910080409,5.730241228,7.913190267,5.184503968,1.09147452,3.547292189,2.455817669,5.730241228,7.913190267,0.54573726,2.455817669,8.186058897,0.026008519,0.025750305,0.026248445,0.024477772,0.024864107,0.025895409,0.023415885,0.022453003,0.025768912,0.024683233,0.022402113,0.024376765,0.024542417,0.025163747,0.024652158,0.025370655,0.024215522,0.023709688,0.024180732,0.024363495,0.024175082,0.023790922,0.023886061,0.024205827,0.023043341,0.023227354,0.022491324,0.023502452,0.02291148,0.023354645,1
sp|P52987_p|G3P_LACLA,9.386311644,3.218163992,3.754524658,5.631786987,0.268180333,1.877262329,6.168147652,9.118131312,2.413622994,4.827245988,6.704508317,5.899967319,2.413622994,3.486344325,2.413622994,4.02270499,8.313590313,0.536360665,1.609081996,8.313590313,0.026503203,0.027512626,0.023452996,0.024388147,0.025144592,0.024762863,0.023122026,0.023711576,0.025790567,0.024721018,0.024075561,0.02458048,0.023794409,0.024829659,0.025870012,0.025204926,0.02397422,0.023014691,0.025157836,0.025230476,0.024519298,0.024091694,0.024895523,0.023538244,0.02209557,0.02425037,0.022503405,0.024343999,0.022915339,0.02382434,1
sp|P9WIE5_p|KATG_MYCTU,18.89851012,8.835667068,6.872185498,12.27175982,0.736305589,5.154139123,10.79914864,19.38938051,2.945222356,6.135879909,15.21698217,8.590231872,4.417833534,6.381315105,12.27175982,8.835667068,10.30827825,5.890444712,5.154139123,12.51719501,0.025653983,0.0256102,0.026252078,0.023780206,0.025174922,0.025373239,0.022757822,0.025068673,0.025980241,0.025073743,0.02473209,0.024404564,0.025769267,0.024493008,0.023952436,0.025765733,0.02493607,0.025419673,0.024440442,0.025789737,0.025318962,0.024827065,0.025082676,0.025189324,0.026152249,0.024444932,0.026010895,0.026601073,0.025576795,0.024932705,1
sp|A0QXX7_p|KATG2_MYCS2,17.2747831,8.884174163,7.897043701,13.32626124,0,6.416348007,11.84556555,19.0022614,3.454956619,6.169565391,15.05373955,9.130956779,3.208174003,6.909913238,12.33913078,10.11808724,11.84556555,5.922782775,4.935652313,10.85843509,0.025562143,0.025920712,0.026280975,0.024522659,0.025204823,0.025075442,0.023073456,0.02526441,0.025864005,0.024124204,0.025245906,0.024560622,0.024972563,0.024316963,0.023978214,0.025809833,0.024762328,0.025057303,0.024814055,0.025048772,0.025430147,0.024642755,0.025227053,0.025425238,0.025869875,0.024629083,0.026404672,0.025492857,0.025461511,0.025174807,1
tr|A0QWY0_p|A0QWY0_MYCS2,18.63459182,8.679124959,4.339562479,11.48707715,0.510536762,4.850099242,13.27395582,17.6135183,5.360636004,8.679124959,15.06083449,5.871172766,3.063220574,4.850099242,10.72127201,11.74234553,11.23180877,4.084294098,4.59483086,13.01868744,0.024605819,0.02566573,0.024839717,0.025293138,0.023366643,0.024007485,0.024841723,0.025193385,0.024800214,0.02575086,0.025594178,0.025658878,0.024200641,0.024094891,0.024379061,0.024586136,0.025618316,0.024570702,0.025093894,0.024925851,0.024795581,0.024801738,0.025302169,0.025668979,0.025065467,0.024282748,0.024217386,0.024748878,0.024670716,0.024090698,1
sp|P0DOB5_p|PFKA_LACLA,8.541297316,4.521863285,4.773077912,4.270648658,0.251214627,1.004858508,6.029151047,12.05830209,2.009717016,6.531580301,6.531580301,4.019434031,1.758502389,3.014575523,2.260931643,4.019434031,4.270648658,0,2.009717016,7.536438809,0.025571651,0.026773803,0.024792903,0.022679262,0.026445364,0.025130048,0.024146682,0.025723764,0.023585486,0.025646524,0.02562298,0.025005085,0.02440305,0.025653097,0.025408356,0.024279049,0.024399454,0.023284368,0.025229716,0.0250878,0.025825495,0.025222543,0.024306096,0.024953646,0.024549571,0.026059304,0.023218168,0.023609294,0.025638187,0.026534626,1
sp|Q88YH5_p|PGK_LACPL,8.063370511,2.340978535,4.681957071,8.84369669,0,1.040434905,7.022935606,11.18467523,1.820761083,8.323479237,8.583587963,9.624022868,2.340978535,3.38141344,3.641522166,6.502718154,4.161739619,0.520217452,2.080869809,9.884131594,0.024297943,0.026074678,0.024547767,0.025311397,0.025834969,0.025685926,0.024078971,0.025787763,0.025339661,0.024828939,0.023028572,0.024435588,0.022817774,0.024934454,0.024380935,0.024468292,0.024778133,0.025210288,0.025217421,0.024233779,0.024226168,0.023300179,0.024713654,0.024715511,0.025034142,0.023784952,0.026952344,0.02389228,0.023142559,0.024836237,1
sp|Q9CIM0_p|GPMA_LACLA,5.781462462,2.408942692,3.1316255,4.576991116,0,1.445365615,4.336096846,3.372519769,1.686259885,2.890731231,5.781462462,4.336096846,0.722682808,1.927154154,2.649836962,2.168048423,1.927154154,1.445365615,1.927154154,3.613414039,0.025380011,0.028091083,0.025570799,0.025591276,0.026844229,0.02653343,0.022077076,0.024689249,0.0272069,0.023848643,0.024354671,0.027569209,0.027315135,0.023171508,0.02428678,0.025568571,0.026249463,0.026508814,0.025734345,0.026414596,0.023830918,0.022952126,0.026124484,0.025844258,0.025049506,0.025367227,0.024476662,0.024616789,0.024024385,0.023813589,1
sp|Q88UI4_p|G6PI_LACPL,10.34486105,4.541646314,6.307842102,7.569410523,0,3.280077893,8.578665259,9.84023368,1.513882105,6.560155786,8.578665259,7.317096839,3.280077893,5.046273682,3.532391577,7.064783155,6.81246947,1.009254736,5.55090105,6.81246947,0.024699114,0.025819255,0.024549405,0.023246621,0.024724939,0.025654408,0.026062989,0.024909692,0.023576485,0.023896641,0.023978528,0.025114668,0.023731259,0.024842454,0.024842363,0.024262059,0.026378975,0.02562284,0.025035954,0.026442116,0.023546308,0.024096168,0.026065716,0.024864721,0.024394028,0.025055524,0.02601046,0.025794908,0.025271512,0.025196205,1
sp|Q88YH4_p|TPIS_LACPL,8.982515368,1.585149771,2.906107913,4.491257684,0.792574885,2.641916285,5.548024198,5.283832569,0.792574885,3.962874427,4.491257684,4.491257684,1.320958142,1.849341399,2.377724656,4.491257684,2.377724656,0.792574885,1.849341399,5.548024198,0.023507624,0.025222725,0.02555788,0.023878308,0.024854386,0.024626504,0.025858612,0.023387865,0.024156808,0.024333958,0.024505686,0.024195717,0.026112569,0.024583232,0.023857991,0.023553574,0.026002425,0.025897363,0.024799289,0.02311274,0.024569883,0.024070996,0.02352834,0.022665329,0.024173717,0.025665878,0.026372588,0.02316057,0.025348751,0.024247065,1
tr|A0R1D2_p|A0R1D2_MYCS2,13.18738314,9.050164898,2.06860912,7.240131919,0.77572842,3.361489819,5.688675079,9.308741038,1.81003298,3.620065959,11.37735016,1.2928807,2.32718526,1.55145684,6.722979639,5.688675079,7.757284199,0.51715228,0.77572842,10.86019788,0.025210638,0.024325969,0.026412352,0.026421482,0.024887572,0.024260446,0.024195729,0.023936213,0.024061997,0.024509867,0.024968974,0.025332258,0.025383846,0.023530191,0.024834232,0.023843602,0.024213782,0.024688932,0.023786838,0.024372493,0.025428602,0.024242577,0.02580846,0.024720749,0.023753041,0.025093175,0.023957207,0.024109526,0.0261114,0.02502171,1
sp|Q07637_p|KPYK_LACLA,12.50311119,6.634303896,6.634303896,7.654966034,0.255165534,2.806820879,10.46178691,11.48244905,1.786158741,10.71695245,7.910131569,8.165297103,4.082648552,4.337814086,4.592979621,6.379138362,8.675628172,0.510331069,1.530993207,10.97211798,0.026492933,0.025594919,0.023811537,0.024688196,0.025802499,0.024059243,0.024546873,0.025021812,0.025885921,0.025767755,0.025700582,0.024862034,0.024613292,0.025462345,0.024438804,0.025249064,0.025809917,0.024032744,0.024644103,0.025132916,0.025273812,0.023150802,0.024438044,0.025453999,0.023998407,0.025489966,0.024179779,0.022856541,0.025406284,0.022969345,1
sp|A0R1C2_p|DHE2_MYCS2,47.27464983,31.27767236,9.31167345,31.75519407,1.671326004,9.550434308,21.96599891,27.69625949,8.35663002,19.33962947,41.06686753,9.550434308,6.446543158,10.98299945,17.19078175,21.24971634,20.2946729,4.775217154,9.550434308,31.27767236,0.025106509,0.02554374,0.025435018,0.024452712,0.026214788,0.025935714,0.025325382,0.024950977,0.026301369,0.025754631,0.024506116,0.025258703,0.024383826,0.025261046,0.025936366,0.025109973,0.024970764,0.025502037,0.026071435,0.026169508,0.025052301,0.025375076,0.025248577,0.025034196,0.025095364,0.025013825,0.025376768,0.025824746,0.02538254,0.025645134,1
tr|Q8E736_p|Q8E736_STRA3,9.020456964,2.122460462,2.918383136,3.448998251,0,2.653075578,6.632688944,9.020456964,1.326537789,9.55107208,5.836766271,5.306151156,1.326537789,1.857152904,3.448998251,5.040843598,4.77553604,0.530615116,2.38776802,4.510228482,0.024098469,0.026227893,0.023473184,0.022312207,0.02547142,0.025774253,0.024148041,0.022436674,0.024309363,0.025015951,0.023713971,0.023111792,0.023472708,0.024709346,0.025450799,0.024164388,0.023045957,0.024426941,0.02609362,0.024856761,0.023490933,0.028180945,0.024561163,0.024097176,0.025774803,0.024437061,0.024088129,0.023841016,0.024320212,0.025587267,1
tr|Q9CI26_p|Q9CI26_LACLA,11.04587957,1.885881878,2.155293575,3.502352059,0,1.616470181,6.196469028,9.968232783,1.616470181,7.004704118,6.735292421,6.465880724,1.347058484,2.694116968,3.771763756,4.579998846,5.11882224,0,2.694116968,5.11882224,0.024127001,0.024165691,0.024420881,0.02403141,0.024541819,0.024447349,0.022439404,0.023980795,0.023560342,0.025973578,0.023614567,0.023868029,0.023043666,0.02282995,0.025380227,0.024350115,0.024790811,0.024274925,0.025796586,0.024731635,0.023897095,0.026862899,0.024714507,0.025908595,0.024684669,0.023732766,0.021481355,0.025493492,0.024461963,0.024982182,1
sp|P9WQB1_p|DHA_MYCTU,15.7088814,5.146012871,2.437585044,5.146012871,1.354213913,2.437585044,4.875170088,10.02118296,2.708427827,4.06264174,10.02118296,2.97927061,2.166742261,2.437585044,4.875170088,4.333484523,7.583597915,0.541685565,2.708427827,8.937811829,0.025646487,0.024838285,0.02430305,0.02303816,0.023771881,0.02624373,0.023660643,0.023752212,0.025779386,0.025642366,0.024502158,0.023514072,0.022664161,0.024630078,0.023761569,0.024423892,0.022773193,0.023607542,0.023884516,0.023871062,0.023340899,0.02513885,0.024678182,0.024994459,0.025262548,0.022867032,0.025606144,0.023506819,0.025282605,0.024171238,1
sp|Q88VJ2_p|LDHD_LACPL,7.965250854,2.826379335,5.652758671,8.22219443,0,2.569435759,4.881927943,4.881927943,1.28471788,4.881927943,7.708307278,6.680532975,2.569435759,3.854153639,2.569435759,2.312492184,5.395815095,0.513887152,3.340266487,7.194420126,0.026712749,0.026744749,0.024006053,0.024701292,0.025268206,0.026372479,0.024490569,0.023817138,0.025011927,0.023452726,0.024282704,0.02448155,0.024817597,0.024273814,0.023856567,0.024162707,0.024084022,0.024583487,0.025171812,0.02373658,0.02530625,0.026942863,0.023740987,0.024045484,0.026332396,0.024498095,0.024470597,0.023524326,0.024464328,0.02570237,1
sp|A0QUX8_p|ILVC_MYCS2,8.657495231,3.310218765,2.291689914,5.856540892,0.509264425,2.80095434,7.638966381,9.166759657,1.782425489,5.347276466,7.384334168,5.601908679,2.291689914,3.055586552,3.055586552,3.564850978,3.81948319,0.509264425,2.037057702,7.129701955,0.025773342,0.026012107,0.025608229,0.023015655,0.026083136,0.025230283,0.024727323,0.025239162,0.024449676,0.023784162,0.024245874,0.025687288,0.025745531,0.025859268,0.025197162,0.023721642,0.024360006,0.025731389,0.02166443,0.025554606,0.024200673,0.025464501,0.024350867,0.026023561,0.024702104,0.02486834,0.022605072,0.025030348,0.025701141,0.02473091,1
sp|Q9ZHC5_p|DBH_MYCS2,14.79374615,3.259638982,0.75222438,1.253707301,0,1.002965841,1.002965841,2.758156061,0.25074146,1.002965841,0.75222438,10.78188279,0.50148292,1.002965841,4.011863362,0.75222438,4.513346282,0,0,3.761121902,0.024148124,0.030705739,0.026678835,0.021203392,0.020544313,0.026730459,0.030095421,0.024945987,0.016585899,0.022112891,0.030209698,0.02944702,0.021666176,0.017647497,0.027360311,0.029525084,0.026278766,0.016959513,0.020895776,0.029575785,0.028705579,0.023035744,0.018631032,0.02452972,0.03107541,0.027453605,0.018844931,0.023016103,0.029739734,0.030909997,1
sp|P9WHW3_p|PPIA_MYCTU,4.65037907,1.91486197,2.46196539,3.28262052,0.27355171,1.91486197,1.64131026,6.01813762,1.64131026,3.00906881,2.18841368,1.91486197,0.82065513,3.00906881,3.28262052,2.7355171,4.92393078,0,1.09420684,3.00906881,0.022754259,0.024250578,0.023106839,0.023488821,0.023355689,0.023835152,0.025117076,0.024407363,0.025257251,0.025443683,0.02408034,0.024867805,0.02517967,0.021861867,0.022905976,0.023286692,0.024442139,0.024167627,0.025951778,0.026084373,0.026443499,0.026301454,0.023282404,0.024385092,0.026773488,0.023324957,0.023515002,0.024108958,0.021733623,0.022734836,1
tr|A0R409_p|A0R409_MYCS2,1.677319419,1.677319419,0.47923412,1.677319419,0,0.718851179,2.635787658,4.313107077,0.47923412,2.156553538,2.156553538,0.718851179,0.47923412,0.958468239,2.396170598,0.958468239,1.677319419,0.47923412,0.718851179,2.396170598,0.024933487,0.024594108,0.029416953,0.024110298,0.024160361,0.024353488,0.022551461,0.025243694,0.026361203,0.025350964,0.023234091,0.025295511,0.025929346,0.026209784,0.027316309,0.024107319,0.024020166,0.022668902,0.026636217,0.026660913,0.025329878,0.025042526,0.020981688,0.027079695,0.027209393,0.028463,0.025660387,0.025293676,0.026033474,0.026134648,1
sp|P9WG55_p|TIG_MYCTU,15.22535619,8.373945907,2.283803429,10.15023746,0,7.612678097,11.92652902,6.597654351,1.015023746,4.313850922,11.16526121,3.552583112,0.76126781,3.806339048,5.582630604,7.866434033,6.090142478,0,1.522535619,10.4039934,0.028001146,0.025988066,0.026142364,0.024079504,0.023543854,0.025668493,0.025932317,0.023733605,0.024056105,0.024698802,0.025809348,0.022800581,0.024994503,0.025109829,0.024703116,0.025697606,0.023855918,0.023703153,0.027096507,0.02426659,0.024317237,0.025126363,0.023298326,0.02591162,0.025991979,0.0245785,0.024201669,0.022087294,0.025236837,0.02561283,1
sp|A0R199_p|TIG_MYCS2,12.06410029,6.294313195,2.622630498,9.965995892,0,7.605628444,16.78483519,6.556576245,1.311315249,6.032050145,11.80183724,5.769787095,1.311315249,3.671682697,5.245260996,6.294313195,7.867891493,0,1.049052199,10.75278504,0.027903084,0.026279373,0.023887625,0.024250239,0.024638274,0.025617046,0.024249951,0.024396899,0.023632119,0.02484968,0.024189392,0.02272969,0.025064074,0.024322531,0.02429021,0.024577465,0.022851114,0.024620348,0.025884398,0.023964376,0.024156005,0.025057979,0.023196811,0.024643188,0.025290042,0.023899572,0.024199206,0.022794317,0.026622727,0.025679214,1
sp|Q88VE1_p|TIG_LACPL,11.42737919,3.11655796,4.155410614,11.94680551,0,7.012255411,14.28422399,5.453976431,1.298565817,5.453976431,7.791394901,11.94680551,2.077705307,3.376271124,3.89569745,3.89569745,4.934550104,0.519426327,2.856844797,8.830247554,0.025948861,0.026179495,0.026230372,0.022414084,0.024922518,0.025490538,0.025666392,0.023296473,0.024664133,0.024378668,0.02471419,0.024326986,0.025029169,0.023981262,0.024010627,0.024116765,0.025467575,0.023389794,0.026298113,0.024896795,0.023358543,0.025049839,0.025009678,0.025855805,0.02515037,0.023013733,0.027505078,0.023376383,0.024444457,0.022100141,1
sp|A0QVB9_p|EFTS_MYCS2,12.46380544,3.66582513,1.955106736,5.376543524,0,1.955106736,6.10970855,4.398990156,0.488776684,2.44388342,6.10970855,5.865320208,0.488776684,1.710718394,1.466330052,1.22194171,3.66582513,0,1.466330052,6.354096892,0.026192137,0.027282026,0.024879543,0.025342053,0.025040054,0.025244458,0.025983297,0.02485944,0.026062431,0.02618971,0.024231653,0.024750958,0.026290551,0.02611078,0.023510622,0.023724878,0.026305805,0.024242437,0.023817184,0.025259024,0.024787376,0.024324456,0.024274192,0.023771526,0.026285149,0.025670133,0.026468274,0.026429196,0.024761245,0.023521069,1
sp|Q88VJ5_p|EFTS_LACPL,9.219823286,2.304955821,2.817168226,6.40265506,0.256106202,2.304955821,7.939292274,4.866017845,1.02442481,4.35380544,3.841593036,8.195398476,1.792743417,2.048849619,1.02442481,3.841593036,3.073274429,0.256106202,0.512212405,8.707610881,0.024655911,0.02794537,0.025824766,0.024802897,0.024097937,0.026158377,0.024714709,0.02488639,0.026035325,0.026244957,0.021009751,0.022137999,0.025586657,0.025897429,0.024675695,0.02450595,0.024137241,0.024581605,0.023690679,0.02404894,0.025551091,0.02477857,0.024366024,0.025254864,0.025812963,0.024103034,0.024125758,0.024660798,0.026352184,0.023249929,1
sp|Q9CDR5_p|EFTS_LACLA,15.26923961,2.106102014,3.159153022,4.475466781,0,2.89589027,10.79377282,5.528517788,1.579576511,4.738729533,7.108094299,8.424408058,2.106102014,3.685678525,1.579576511,3.422415774,5.265255036,0.263262752,0.526525504,7.108094299,0.024953365,0.025859411,0.025989167,0.025040798,0.024240048,0.024889606,0.025770032,0.025454691,0.024089,0.024075274,0.022850318,0.02359665,0.024372728,0.025992922,0.025022943,0.024942246,0.023135449,0.024934778,0.025127733,0.023675259,0.024356992,0.023694453,0.026311355,0.024773405,0.024524346,0.022308008,0.023366567,0.024888401,0.024708763,0.023792542,1
sp|P9WNN1_p|EFTU_MYCTU,7.890290625,6.108612097,3.563357057,6.872188609,0,3.563357057,8.399341633,8.399341633,2.799780544,5.599561089,6.617663105,5.345035585,2.799780544,3.308831553,5.090510081,1.527153024,9.162918146,0.254525504,1.781678528,11.70817319,0.025205211,0.026062244,0.024359695,0.025843212,0.02582317,0.025366602,0.024784348,0.024847445,0.024083992,0.02612416,0.025028929,0.02431813,0.026177171,0.02542235,0.02391185,0.024868622,0.023598835,0.023974011,0.024592954,0.022996412,0.024862818,0.025453244,0.026060238,0.025515607,0.023117474,0.022878449,0.024647897,0.023816891,0.026655281,0.025077252,1
sp|Q88VE0_p|EFTU_LACPL,6.905525862,4.859444125,2.046081737,7.928566731,0,2.557602171,9.207367816,9.463128033,3.836403257,6.394005428,6.905525862,5.626724776,2.813362388,3.324882822,4.603683908,2.813362388,7.928566731,0,2.557602171,11.25344955,0.024123246,0.02546011,0.024816063,0.025248839,0.02527859,0.025258654,0.024383728,0.025781615,0.02571839,0.025102389,0.024012042,0.024054963,0.025112872,0.025093993,0.024632328,0.025215893,0.02383238,0.024035239,0.0237395,0.024063812,0.024774904,0.025340306,0.025848061,0.024417387,0.024604348,0.024342466,0.024626664,0.026269354,0.025887133,0.023164515,1
sp|Q88VL9_p|GRPE_LACPL,9.276624722,2.029261658,1.449472613,6.087784974,0,5.797890451,2.898945226,1.739367135,1.15957809,0.869683568,5.218101406,4.058523316,1.15957809,0.289894523,2.319156181,2.029261658,5.507995929,0,0.869683568,4.928206884,0.023274188,0.025509704,0.024099401,0.022336477,0.026420538,0.025634019,0.022457743,0.02334604,0.025685611,0.024415082,0.022706282,0.022696849,0.025319848,0.022874403,0.022104256,0.023547718,0.023168823,0.022748041,0.020287687,0.024889882,0.024438784,0.025149029,0.021721003,0.024368901,0.025315683,0.021904924,0.022094983,0.024607442,0.02324196,0.023740174,1
sp|Q9CGY9_p|GRPE_LACLA,3.406757294,2.096466027,1.834407774,2.882640787,0,2.882640787,8.647922362,1.310291267,1.048233014,2.096466027,4.979106814,3.144699041,1.310291267,0.78617476,0.78617476,2.620582534,1.57234952,0.262058253,0.78617476,4.454990308,0.025535085,0.030007179,0.023727778,0.020549138,0.024333377,0.02881338,0.023417362,0.024126417,0.026155418,0.025987005,0.023157225,0.025602541,0.023432776,0.023971214,0.02448721,0.024072486,0.024206087,0.025160718,0.023236964,0.025589519,0.023377619,0.023673911,0.026259219,0.024311364,0.026210921,0.021920051,0.024461254,0.025990218,0.024001715,0.022166593,1
sp|P9WPE5_p|CH10_MYCTU,2.287576344,0.762525448,0.762525448,1.779226045,0,0.508350299,2.795926642,2.287576344,0,1.779226045,1.779226045,2.287576344,0.254175149,0,1.270875747,1.016700597,1.779226045,0.254175149,1.016700597,2.795926642,0.023854949,0.023588329,0.026836766,0.025818909,0.025958358,0.028662094,0.024009838,0.022860039,0.026957713,0.027788247,0.026133858,0.026656094,0.024838627,0.025300679,0.021413061,0.023343618,0.024524563,0.022827786,0.024280124,0.021937491,0.022755115,0.026110092,0.024810802,0.027535837,0.025221843,0.026035755,0.023993062,0.021480963,0.027189783,0.023100457,1
sp|A0QQU5_p|CH601_MYCS2,19.59096965,5.746684432,3.918193931,7.836387862,0,3.656981002,14.36671108,14.36671108,0.522425857,7.575174933,14.36671108,10.44851715,1.828490501,1.828490501,4.17940686,6.530323218,8.620026648,0.261212929,1.828490501,13.84428522,0.023752386,0.026473,0.024446657,0.023307817,0.024836292,0.02548612,0.022593657,0.023740169,0.025080464,0.027158517,0.024923588,0.024911194,0.025599482,0.025657755,0.024927395,0.022932407,0.02425876,0.024072192,0.024462766,0.025776478,0.025278398,0.025282565,0.024383826,0.023482023,0.024424956,0.024298115,0.025657797,0.025262349,0.023410293,0.022909653,1
sp|Q88YM5_p|CH60_LACPL,16.1659102,5.119204897,6.196932244,10.23840979,0,5.388636734,12.66329632,12.66329632,1.077727347,10.23840979,11.0467053,10.23840979,4.04147755,2.42488653,4.310909387,7.005227754,11.85500081,0.269431837,1.347159183,13.47159183,0.023483352,0.026542386,0.023274648,0.023128294,0.02437793,0.024814227,0.023348052,0.02513028,0.026405119,0.026843728,0.024080833,0.023405056,0.024700866,0.02598955,0.024851447,0.022733193,0.023232327,0.023548013,0.024646521,0.02466103,0.024838861,0.024738797,0.023868553,0.022703802,0.024970992,0.024682422,0.024719002,0.023279746,0.023412985,0.024156151,1
sp|P0A3J2_p|DNAK_STRA3,18.6116083,4.315735257,5.664402525,14.56560649,0,7.822270154,13.48667268,13.21693923,0.809200361,10.78933814,12.40773886,14.56560649,3.236801443,4.585468711,5.124935618,9.440670875,11.0590716,0,1.888134175,12.67747232,0.024157542,0.024975919,0.024597103,0.023681817,0.024197369,0.025498107,0.023176672,0.023254702,0.023696372,0.024667666,0.02455686,0.022664226,0.025856698,0.024591266,0.023640361,0.024085599,0.025112987,0.024504396,0.023662839,0.024422237,0.023736281,0.023186995,0.023947727,0.024812375,0.025114951,0.024829596,0.025552307,0.02471167,0.025121703,0.024252203,1
sp|P9WMJ9_p|DNAK_MYCTU,17.43541997,8.587594913,5.204602977,13.01150744,0,7.286444168,13.27173759,15.09334863,2.081841191,9.628515508,11.7103567,10.14897581,2.34207134,3.122761786,5.985293424,8.847825062,11.1898964,0.780690447,2.081841191,14.83311849,0.024763931,0.025474087,0.024608766,0.023653507,0.0250788,0.025116089,0.024034223,0.024534218,0.023563474,0.024200508,0.025174464,0.023947597,0.026326399,0.023681388,0.024357844,0.024421764,0.025019175,0.024549068,0.023993472,0.025428703,0.024215849,0.025469032,0.024653097,0.024688798,0.025104911,0.024798625,0.024768754,0.025272257,0.024664242,0.024206808,1
sp|P0A4J3_p|SODM_STRA3,7.149011082,1.059112753,3.706894635,2.912560071,0,1.588669129,5.030785576,2.912560071,2.383003694,3.706894635,5.030785576,2.383003694,1.059112753,2.118225506,2.383003694,1.853447318,2.383003694,1.323890941,2.118225506,2.383003694,0.026121412,0.024835109,0.022748662,0.024809703,0.026372038,0.023991581,0.023463892,0.025103022,0.025320522,0.024157921,0.025765433,0.023031192,0.025466489,0.024715993,0.02433338,0.023996116,0.023250179,0.023695926,0.025958755,0.023516803,0.024243236,0.023741037,0.023117985,0.025009063,0.02400541,0.024314656,0.026205126,0.023366128,0.025724977,0.024840064,1
sp|P9WP74_p|CSPA_MYCTO,1.007251824,0.503625912,0.503625912,0.503625912,0,1.007251824,1.762690693,2.266316605,0.503625912,0.755438868,0.503625912,1.007251824,0.251812956,1.510877737,1.007251824,0.755438868,1.25906478,0.251812956,0.251812956,1.25906478,0.027384731,0.024468317,0.02382856,0.026908148,0.025039805,0.027297355,0.026348521,0.024528118,0.0221994,0.023409627,0.021469744,0.027250046,0.025816987,0.020032893,0.029483986,0.026131817,0.026930135,0.025414796,0.020925452,0.024552684,0.023827345,0.021421041,0.023529681,0.02784393,0.019564322,0.028581357,0.02704267,0.025127244,0.02967305,0.02215528,1
sp|P71478_p|CSP1_LACPL,1.024886381,0.256221595,1.024886381,1.537329572,0,1.024886381,1.281107976,2.049772762,0.256221595,0.512443191,0.256221595,1.281107976,0.256221595,1.537329572,0.512443191,0.768664786,1.281107976,0.256221595,0.256221595,1.537329572,0.024993193,0.027263536,0.022183255,0.026305164,0.027500705,0.026675718,0.025730437,0.026604546,0.022376586,0.022104715,0.023796154,0.023213389,0.026523147,0.023468539,0.026844525,0.025015027,0.022463928,0.025841473,0.025105579,0.023563119,0.020274849,0.024185094,0.024965405,0.025845191,0.028325875,0.024996959,0.024714551,0.029079208,0.02346172,0.020356816,1
tr|I7FZT6_p|I7FZT6_MYCS2,14.69809258,3.050547517,1.663935009,4.159837523,0,2.495902514,6.933062538,10.53825506,0.831967505,4.714482526,6.378417535,4.159837523,0.554645003,1.663935009,3.882515022,4.714482526,4.437160025,0,1.663935009,11.64754506,0.024141308,0.025508397,0.023696418,0.023656683,0.024332779,0.024152992,0.023729698,0.023939918,0.022493865,0.025107204,0.025237659,0.023052637,0.024354733,0.023882625,0.02441626,0.02405095,0.023412002,0.024358869,0.023566889,0.025910629,0.022800252,0.023530242,0.024030264,0.023531999,0.025340496,0.024412788,0.024698325,0.024907439,0.024997415,0.021425763,1
tr|A0QR00_p|A0QR00_MYCS2,6.923839118,3.581296095,1.432518438,4.775061461,0.238753073,1.671271511,4.297555315,5.013814534,1.193765365,2.38753073,6.923839118,3.581296095,0.955012292,0.716259219,3.342543022,1.910024584,2.626283803,1.193765365,2.626283803,3.581296095,0.025270138,0.02716899,0.024881111,0.023495503,0.02528974,0.02577559,0.024923028,0.024448016,0.027855758,0.025350321,0.026497854,0.027395584,0.026780455,0.022775416,0.024538304,0.025841877,0.025957498,0.025995407,0.025623223,0.025808269,0.025237554,0.024485709,0.025996515,0.025237476,0.026120651,0.026528113,0.024526025,0.023373855,0.025398823,0.022670123,1
sp|Q88YY8_p|GPMA1_LACPL,4.511360619,4.273920586,1.662080228,2.849280391,0.237440033,2.849280391,3.324160456,4.036480553,2.136960293,2.849280391,5.223680716,2.136960293,1.187200163,0.474880065,2.136960293,1.89952026,3.561600488,1.187200163,2.849280391,4.036480553,0.025297442,0.026224353,0.024853894,0.024453838,0.024861714,0.027781295,0.023893191,0.024261988,0.027782751,0.025053702,0.027137487,0.026609211,0.02505114,0.026422655,0.024887167,0.026443726,0.023016884,0.024912686,0.025366218,0.025498327,0.025793719,0.024536522,0.027130072,0.025310056,0.025147358,0.025502682,0.026140021,0.025898986,0.023591939,0.023698943,1
tr|A0QU52_p|A0QU52_MYCS2,12.75608282,5.049282783,0.265751725,5.846537959,0.265751725,1.063006902,4.517779332,11.95882764,1.860262078,3.45477243,8.504055213,2.391765529,1.063006902,1.594510353,5.315034508,3.45477243,5.315034508,0.531503451,2.126013803,10.89582074,0.026538736,0.025734427,0.024738758,0.024660643,0.024337578,0.023298524,0.025453721,0.024335526,0.024840796,0.024839353,0.026385353,0.023276903,0.025337864,0.023892192,0.024352249,0.024871892,0.023802434,0.023888653,0.024810993,0.02438684,0.021552507,0.022064158,0.025268157,0.023746862,0.024923662,0.022513141,0.024048672,0.026067569,0.024346151,0.02593396,1
